{
  "v": "4.8.0",
  "meta": {
    "g": "LottieFiles AE 1.0.0",
    "a": "Bas Milius",
    "k": "Meteocons, Weather icons, Icon set",
    "d": "Clear night - Meteocons.com",
    "tc": ""
  },
  "fr": 60,
  "ip": 0,
  "op": 360,
  "w": 512,
  "h": 512,
  "nm": "clear-night",
  "ddd": 0,
  "assets": [],
  "layers": [
    {
      "ddd": 0,
      "ind": 1,
      "ty": 4,
      "nm": "moon",
      "sr": 1,
      "ks": {
        "o": { "a": 0, "k": 100, "ix": 11 },
        "r": {
          "a": 1,
          "k": [
            {
              "i": { "x": [0.833], "y": [0.833] },
              "o": { "x": [0.167], "y": [0.167] },
              "t": 0,
              "s": [-15]
            },
            {
              "i": { "x": [0.833], "y": [0.833] },
              "o": { "x": [0.167], "y": [0.167] },
              "t": 180,
              "s": [9]
            },
            { "t": 359, "s": [-15] }
          ],
          "ix": 10
        },
        "p": { "a": 0, "k": [256, 256, 0], "ix": 2 },
        "a": { "a": 0, "k": [0, 0, 0], "ix": 1 },
        "s": { "a": 0, "k": [100, 100, 100], "ix": 6 }
      },
      "ao": 0,
      "shapes": [
        {
          "ty": "gr",
          "it": [
            {
              "ind": 0,
              "ty": "sh",
              "ix": 1,
              "ks": {
                "a": 0,
                "k": {
                  "i": [
                    [4.989, 0],
                    [0, 73.133],
                    [-2.789, 10.632],
                    [0, -68.211],
                    [-74.124, 0],
                    [-14.959, 57.027]
                  ],
                  "o": [
                    [-74.124, 0],
                    [0, -11.492],
                    [-67.179, 7.251],
                    [0, 73.133],
                    [62.476, 0],
                    [-4.848, 0.523]
                  ],
                  "v": [
                    [117.254, 33.632],
                    [-16.96, -98.787],
                    [-12.532, -132],
                    [-132, -0.419],
                    [2.214, 132],
                    [132, 32.794]
                  ],
                  "c": true
                },
                "ix": 2
              },
              "nm": "Path 1",
              "mn": "ADBE Vector Shape - Group",
              "hd": false
            },
            {
              "ty": "st",
              "c": { "a": 0, "k": [0.447058826685, 0.72549021244, 0.835294127464, 1], "ix": 3 },
              "o": { "a": 0, "k": 100, "ix": 4 },
              "w": { "a": 0, "k": 6, "ix": 5 },
              "lc": 2,
              "lj": 2,
              "bm": 0,
              "nm": "Stroke 1",
              "mn": "ADBE Vector Graphic - Stroke",
              "hd": false
            },
            {
              "ty": "gf",
              "o": { "a": 0, "k": 100, "ix": 10 },
              "r": 1,
              "bm": 0,
              "g": {
                "p": 5,
                "k": {
                  "a": 0,
                  "k": [
                    0, 0.525, 0.765, 0.859, 0.225, 0.525, 0.765, 0.859, 0.45, 0.525, 0.765, 0.859,
                    0.725, 0.447, 0.725, 0.835, 1, 0.369, 0.686, 0.812
                  ],
                  "ix": 9
                }
              },
              "s": { "a": 0, "k": [-80.517, -105.871], "ix": 5 },
              "e": { "a": 0, "k": [52.333, 124.231], "ix": 6 },
              "t": 1,
              "nm": "Gradient Fill 1",
              "mn": "ADBE Vector Graphic - G-Fill",
              "hd": false
            },
            {
              "ty": "tr",
              "p": { "a": 0, "k": [0, 0], "ix": 2 },
              "a": { "a": 0, "k": [0, 0], "ix": 1 },
              "s": { "a": 0, "k": [100, 100], "ix": 3 },
              "r": { "a": 0, "k": 0, "ix": 6 },
              "o": { "a": 0, "k": 100, "ix": 7 },
              "sk": { "a": 0, "k": 0, "ix": 4 },
              "sa": { "a": 0, "k": 0, "ix": 5 },
              "nm": "Transform"
            }
          ],
          "nm": "Group 1",
          "np": 3,
          "cix": 2,
          "bm": 0,
          "ix": 1,
          "mn": "ADBE Vector Group",
          "hd": false
        }
      ],
      "ip": 0,
      "op": 360,
      "st": 0,
      "bm": 0
    }
  ],
  "markers": []
}
