{
  "v": "4.8.0",
  "meta": {
    "g": "LottieFiles AE 1.0.0",
    "a": "Bas Milius",
    "k": "Meteocons, Weather icons, Icon set",
    "d": "Clear day - Meteocons.com",
    "tc": ""
  },
  "fr": 60,
  "ip": 0,
  "op": 360,
  "w": 512,
  "h": 512,
  "nm": "clear-day",
  "ddd": 0,
  "assets": [],
  "layers": [
    {
      "ddd": 0,
      "ind": 1,
      "ty": 4,
      "nm": "rays",
      "sr": 1,
      "ks": {
        "o": { "a": 0, "k": 100, "ix": 11 },
        "r": {
          "a": 1,
          "k": [
            {
              "i": { "x": [0.833], "y": [0.833] },
              "o": { "x": [0.167], "y": [0.167] },
              "t": 0,
              "s": [0]
            },
            { "t": 359, "s": [45] }
          ],
          "ix": 10
        },
        "p": { "a": 0, "k": [256, 256, 0], "ix": 2 },
        "a": { "a": 0, "k": [0, 0, 0], "ix": 1 },
        "s": { "a": 0, "k": [100, 100, 100], "ix": 6 }
      },
      "ao": 0,
      "shapes": [
        {
          "ind": 0,
          "ty": "sh",
          "ix": 1,
          "ks": {
            "a": 0,
            "k": {
              "i": [
                [0, 0],
                [0, 0]
              ],
              "o": [
                [0, 0],
                [0, 0]
              ],
              "v": [
                [180, 0],
                [130.345, 0]
              ],
              "c": false
            },
            "ix": 2
          },
          "nm": "Path 1",
          "mn": "ADBE Vector Shape - Group",
          "hd": false
        },
        {
          "ind": 1,
          "ty": "sh",
          "ix": 2,
          "ks": {
            "a": 0,
            "k": {
              "i": [
                [0, 0],
                [0, 0]
              ],
              "o": [
                [0, 0],
                [0, 0]
              ],
              "v": [
                [-130.345, 0],
                [-180, 0]
              ],
              "c": false
            },
            "ix": 2
          },
          "nm": "Path 2",
          "mn": "ADBE Vector Shape - Group",
          "hd": false
        },
        {
          "ind": 2,
          "ty": "sh",
          "ix": 3,
          "ks": {
            "a": 0,
            "k": {
              "i": [
                [0, 0],
                [0, 0]
              ],
              "o": [
                [0, 0],
                [0, 0]
              ],
              "v": [
                [127.279, 127.279],
                [92.168, 92.168]
              ],
              "c": false
            },
            "ix": 2
          },
          "nm": "Path 3",
          "mn": "ADBE Vector Shape - Group",
          "hd": false
        },
        {
          "ind": 3,
          "ty": "sh",
          "ix": 4,
          "ks": {
            "a": 0,
            "k": {
              "i": [
                [0, 0],
                [0, 0]
              ],
              "o": [
                [0, 0],
                [0, 0]
              ],
              "v": [
                [-92.168, -92.168],
                [-127.279, -127.279]
              ],
              "c": false
            },
            "ix": 2
          },
          "nm": "Path 4",
          "mn": "ADBE Vector Shape - Group",
          "hd": false
        },
        {
          "ind": 4,
          "ty": "sh",
          "ix": 5,
          "ks": {
            "a": 0,
            "k": {
              "i": [
                [0, 0],
                [0, 0]
              ],
              "o": [
                [0, 0],
                [0, 0]
              ],
              "v": [
                [-127.279, 127.279],
                [-92.168, 92.168]
              ],
              "c": false
            },
            "ix": 2
          },
          "nm": "Path 5",
          "mn": "ADBE Vector Shape - Group",
          "hd": false
        },
        {
          "ind": 5,
          "ty": "sh",
          "ix": 6,
          "ks": {
            "a": 0,
            "k": {
              "i": [
                [0, 0],
                [0, 0]
              ],
              "o": [
                [0, 0],
                [0, 0]
              ],
              "v": [
                [92.168, -92.168],
                [127.279, -127.279]
              ],
              "c": false
            },
            "ix": 2
          },
          "nm": "Path 6",
          "mn": "ADBE Vector Shape - Group",
          "hd": false
        },
        {
          "ind": 6,
          "ty": "sh",
          "ix": 7,
          "ks": {
            "a": 0,
            "k": {
              "i": [
                [0, 0],
                [0, 0]
              ],
              "o": [
                [0, 0],
                [0, 0]
              ],
              "v": [
                [0, 180],
                [0, 130.345]
              ],
              "c": false
            },
            "ix": 2
          },
          "nm": "Path 7",
          "mn": "ADBE Vector Shape - Group",
          "hd": false
        },
        {
          "ind": 7,
          "ty": "sh",
          "ix": 8,
          "ks": {
            "a": 0,
            "k": {
              "i": [
                [0, 0],
                [0, 0]
              ],
              "o": [
                [0, 0],
                [0, 0]
              ],
              "v": [
                [0, -130.345],
                [0, -180]
              ],
              "c": false
            },
            "ix": 2
          },
          "nm": "Path 8",
          "mn": "ADBE Vector Shape - Group",
          "hd": false
        },
        {
          "ty": "st",
          "c": { "a": 0, "k": [0.984313726425, 0.749019622803, 0.141176477075, 1], "ix": 3 },
          "o": { "a": 0, "k": 100, "ix": 4 },
          "w": { "a": 0, "k": 24, "ix": 5 },
          "lc": 2,
          "lj": 1,
          "ml": 10,
          "bm": 0,
          "nm": "Stroke 1",
          "mn": "ADBE Vector Graphic - Stroke",
          "hd": false
        }
      ],
      "ip": 0,
      "op": 360,
      "st": 0,
      "bm": 0
    },
    {
      "ddd": 0,
      "ind": 2,
      "ty": 4,
      "nm": "core",
      "sr": 1,
      "ks": {
        "o": { "a": 0, "k": 100, "ix": 11 },
        "r": { "a": 0, "k": 0, "ix": 10 },
        "p": { "a": 0, "k": [256, 256, 0], "ix": 2 },
        "a": { "a": 0, "k": [0, 0, 0], "ix": 1 },
        "s": { "a": 0, "k": [100, 100, 100], "ix": 6 }
      },
      "ao": 0,
      "shapes": [
        {
          "ind": 0,
          "ty": "sh",
          "ix": 1,
          "ks": {
            "a": 0,
            "k": {
              "i": [
                [0, -46.392],
                [46.392, 0],
                [0, 46.392],
                [-46.392, 0]
              ],
              "o": [
                [0, 46.392],
                [-46.392, 0],
                [0, -46.392],
                [46.392, 0]
              ],
              "v": [
                [84, 0],
                [0, 84],
                [-84, 0],
                [0, -84]
              ],
              "c": true
            },
            "ix": 2
          },
          "nm": "Path 1",
          "mn": "ADBE Vector Shape - Group",
          "hd": false
        },
        {
          "ty": "st",
          "c": { "a": 0, "k": [0.972549021244, 0.686274528503, 0.0941176489, 1], "ix": 3 },
          "o": { "a": 0, "k": 100, "ix": 4 },
          "w": { "a": 0, "k": 6, "ix": 5 },
          "lc": 1,
          "lj": 1,
          "ml": 10,
          "bm": 0,
          "nm": "Stroke 1",
          "mn": "ADBE Vector Graphic - Stroke",
          "hd": false
        },
        {
          "ty": "gf",
          "o": { "a": 0, "k": 100, "ix": 10 },
          "r": 1,
          "bm": 0,
          "g": {
            "p": 5,
            "k": {
              "a": 0,
              "k": [
                0, 0.984, 0.749, 0.141, 0.225, 0.984, 0.749, 0.141, 0.45, 0.984, 0.749, 0.141,
                0.725, 0.973, 0.684, 0.092, 1, 0.961, 0.62, 0.043
              ],
              "ix": 9
            }
          },
          "s": { "a": 0, "k": [-41.517, -71.871], "ix": 5 },
          "e": { "a": 0, "k": [42.497, 73.645], "ix": 6 },
          "t": 1,
          "nm": "Gradient Fill 1",
          "mn": "ADBE Vector Graphic - G-Fill",
          "hd": false
        }
      ],
      "ip": 0,
      "op": 360,
      "st": 0,
      "bm": 0
    }
  ],
  "markers": []
}
