{
  "v": "4.8.0",
  "meta": {
    "g": "LottieFiles AE 1.0.0",
    "a": "Bas Milius",
    "k": "Meteocons, Weather icons, Icon set",
    "d": "Drizzle - Meteocons.com",
    "tc": ""
  },
  "fr": 60,
  "ip": 0,
  "op": 360,
  "w": 512,
  "h": 512,
  "nm": "drizzle",
  "ddd": 0,
  "assets": [],
  "layers": [
    {
      "ddd": 0,
      "ind": 1,
      "ty": 4,
      "nm": "raindrop-3",
      "sr": 1,
      "ks": {
        "o": {
          "a": 1,
          "k": [
            {
              "i": { "x": [0.833], "y": [0.833] },
              "o": { "x": [0.167], "y": [0.167] },
              "t": 40,
              "s": [0]
            },
            {
              "i": { "x": [0.833], "y": [0.833] },
              "o": { "x": [0.167], "y": [0.167] },
              "t": 55,
              "s": [100]
            },
            {
              "i": { "x": [0.833], "y": [0.833] },
              "o": { "x": [0.167], "y": [0.167] },
              "t": 100,
              "s": [0]
            },
            {
              "i": { "x": [0.833], "y": [0.833] },
              "o": { "x": [0.167], "y": [0.167] },
              "t": 160,
              "s": [0]
            },
            {
              "i": { "x": [0.833], "y": [0.833] },
              "o": { "x": [0.167], "y": [0.167] },
              "t": 175,
              "s": [100]
            },
            {
              "i": { "x": [0.833], "y": [0.833] },
              "o": { "x": [0.167], "y": [0.167] },
              "t": 220,
              "s": [0]
            },
            {
              "i": { "x": [0.833], "y": [0.833] },
              "o": { "x": [0.167], "y": [0.167] },
              "t": 280,
              "s": [0]
            },
            {
              "i": { "x": [0.833], "y": [0.833] },
              "o": { "x": [0.167], "y": [0.167] },
              "t": 295,
              "s": [100]
            },
            { "t": 340, "s": [0] }
          ],
          "ix": 11
        },
        "r": { "a": 0, "k": 0, "ix": 10 },
        "p": {
          "a": 1,
          "k": [
            {
              "i": { "x": 0.833, "y": 0.833 },
              "o": { "x": 0.167, "y": 0.167 },
              "t": 40,
              "s": [312, 330, 0],
              "to": [0, 0, 0],
              "ti": [0, 0, 0]
            },
            {
              "i": { "x": 0.833, "y": 0.833 },
              "o": { "x": 0.167, "y": 0.167 },
              "t": 55,
              "s": [312, 330, 0],
              "to": [0, 20, 0],
              "ti": [0, 0, 0]
            },
            {
              "i": { "x": 0.833, "y": 0.833 },
              "o": { "x": 0.167, "y": 0.167 },
              "t": 100,
              "s": [312, 450, 0],
              "to": [0, 0, 0],
              "ti": [0, 20, 0]
            },
            {
              "i": { "x": 0.833, "y": 0.833 },
              "o": { "x": 0.167, "y": 0.167 },
              "t": 160,
              "s": [312, 330, 0],
              "to": [0, 0, 0],
              "ti": [0, 0, 0]
            },
            {
              "i": { "x": 0.833, "y": 0.833 },
              "o": { "x": 0.167, "y": 0.167 },
              "t": 175,
              "s": [312, 330, 0],
              "to": [0, 20, 0],
              "ti": [0, 0, 0]
            },
            {
              "i": { "x": 0.833, "y": 0.833 },
              "o": { "x": 0.167, "y": 0.167 },
              "t": 220,
              "s": [312, 450, 0],
              "to": [0, 0, 0],
              "ti": [0, 20, 0]
            },
            {
              "i": { "x": 0.833, "y": 0.833 },
              "o": { "x": 0.167, "y": 0.167 },
              "t": 280,
              "s": [312, 330, 0],
              "to": [0, 0, 0],
              "ti": [0, 0, 0]
            },
            {
              "i": { "x": 0.833, "y": 0.833 },
              "o": { "x": 0.167, "y": 0.167 },
              "t": 295,
              "s": [312, 330, 0],
              "to": [0, 20, 0],
              "ti": [0, -20, 0]
            },
            { "t": 340, "s": [312, 450, 0] }
          ],
          "ix": 2
        },
        "a": { "a": 0, "k": [0, 0, 0], "ix": 1 },
        "s": { "a": 0, "k": [100, 100, 100], "ix": 6 }
      },
      "ao": 0,
      "shapes": [
        {
          "ind": 0,
          "ty": "sh",
          "ix": 1,
          "ks": {
            "a": 0,
            "k": {
              "i": [
                [4.418, 0],
                [0, 4.422],
                [0, 0],
                [-4.418, 0],
                [0, -4.422],
                [0, 0]
              ],
              "o": [
                [-4.418, 0],
                [0, 0],
                [0, -4.422],
                [4.418, 0],
                [0, 0],
                [0, 4.422]
              ],
              "v": [
                [0, 14],
                [-8, 6],
                [-8, -6],
                [0, -14],
                [8, -6],
                [8, 6]
              ],
              "c": true
            },
            "ix": 2
          },
          "nm": "Path 1",
          "mn": "ADBE Vector Shape - Group",
          "hd": false
        },
        {
          "ty": "st",
          "c": { "a": 0, "k": [0.039215687662, 0.352941185236, 0.831372559071, 1], "ix": 3 },
          "o": { "a": 0, "k": 100, "ix": 4 },
          "w": { "a": 0, "k": 1, "ix": 5 },
          "lc": 1,
          "lj": 1,
          "ml": 10,
          "bm": 0,
          "nm": "Stroke 1",
          "mn": "ADBE Vector Graphic - Stroke",
          "hd": false
        },
        {
          "ty": "gf",
          "o": { "a": 0, "k": 100, "ix": 10 },
          "r": 1,
          "bm": 0,
          "g": {
            "p": 5,
            "k": {
              "a": 0,
              "k": [
                0, 0.043, 0.396, 0.929, 0.225, 0.041, 0.375, 0.88, 0.45, 0.039, 0.353, 0.831, 0.725,
                0.037, 0.333, 0.784, 1, 0.035, 0.314, 0.737
              ],
              "ix": 9
            }
          },
          "s": { "a": 0, "k": [509.78, -965.126], "ix": 5 },
          "e": { "a": 0, "k": [522.978, -942.267], "ix": 6 },
          "t": 1,
          "nm": "Gradient Fill 1",
          "mn": "ADBE Vector Graphic - G-Fill",
          "hd": false
        }
      ],
      "ip": 0,
      "op": 360,
      "st": 0,
      "bm": 0
    },
    {
      "ddd": 0,
      "ind": 2,
      "ty": 4,
      "nm": "raindrop-2",
      "sr": 1,
      "ks": {
        "o": {
          "a": 1,
          "k": [
            {
              "i": { "x": [0.833], "y": [0.833] },
              "o": { "x": [0.167], "y": [0.167] },
              "t": -40,
              "s": [0]
            },
            {
              "i": { "x": [0.833], "y": [0.833] },
              "o": { "x": [0.167], "y": [0.167] },
              "t": -25,
              "s": [100]
            },
            {
              "i": { "x": [0.833], "y": [0.833] },
              "o": { "x": [0.167], "y": [0.167] },
              "t": 0,
              "s": [44.444]
            },
            {
              "i": { "x": [0.833], "y": [0.833] },
              "o": { "x": [0.167], "y": [0.167] },
              "t": 20,
              "s": [0]
            },
            {
              "i": { "x": [0.833], "y": [0.833] },
              "o": { "x": [0.167], "y": [0.167] },
              "t": 80,
              "s": [0]
            },
            {
              "i": { "x": [0.833], "y": [0.833] },
              "o": { "x": [0.167], "y": [0.167] },
              "t": 95,
              "s": [100]
            },
            {
              "i": { "x": [0.833], "y": [0.833] },
              "o": { "x": [0.167], "y": [0.167] },
              "t": 140,
              "s": [0]
            },
            {
              "i": { "x": [0.833], "y": [0.833] },
              "o": { "x": [0.167], "y": [0.167] },
              "t": 200,
              "s": [0]
            },
            {
              "i": { "x": [0.833], "y": [0.833] },
              "o": { "x": [0.167], "y": [0.167] },
              "t": 215,
              "s": [100]
            },
            {
              "i": { "x": [0.833], "y": [0.833] },
              "o": { "x": [0.167], "y": [0.167] },
              "t": 260,
              "s": [0]
            },
            {
              "i": { "x": [0.833], "y": [0.833] },
              "o": { "x": [0.167], "y": [0.167] },
              "t": 320,
              "s": [0]
            },
            {
              "i": { "x": [0.833], "y": [0.833] },
              "o": { "x": [0.167], "y": [0.167] },
              "t": 335,
              "s": [100]
            },
            {
              "i": { "x": [0.833], "y": [0.833] },
              "o": { "x": [0.167], "y": [0.167] },
              "t": 359,
              "s": [46.667]
            },
            { "t": 380, "s": [0] }
          ],
          "ix": 11
        },
        "r": { "a": 0, "k": 0, "ix": 10 },
        "p": {
          "a": 1,
          "k": [
            {
              "i": { "x": 0.833, "y": 0.833 },
              "o": { "x": 0.167, "y": 0.167 },
              "t": -40,
              "s": [256, 330, 0],
              "to": [0, 0, 0],
              "ti": [0, 0, 0]
            },
            {
              "i": { "x": 0.833, "y": 0.833 },
              "o": { "x": 0.167, "y": 0.167 },
              "t": -25,
              "s": [256, 330, 0],
              "to": [0, 9.899, 0],
              "ti": [0, 0, 0]
            },
            {
              "i": { "x": 0.833, "y": 0.833 },
              "o": { "x": 0.167, "y": 0.167 },
              "t": 0,
              "s": [256, 396.666, 0],
              "to": [0, 0, 0],
              "ti": [0, 0, 0]
            },
            {
              "i": { "x": 0.833, "y": 0.833 },
              "o": { "x": 0.167, "y": 0.167 },
              "t": 20,
              "s": [256, 450, 0],
              "to": [0, 0, 0],
              "ti": [0, 20, 0]
            },
            {
              "i": { "x": 0.833, "y": 0.833 },
              "o": { "x": 0.167, "y": 0.167 },
              "t": 80,
              "s": [256, 330, 0],
              "to": [0, 0, 0],
              "ti": [0, 0, 0]
            },
            {
              "i": { "x": 0.833, "y": 0.833 },
              "o": { "x": 0.167, "y": 0.167 },
              "t": 95,
              "s": [256, 330, 0],
              "to": [0, 20, 0],
              "ti": [0, 0, 0]
            },
            {
              "i": { "x": 0.833, "y": 0.833 },
              "o": { "x": 0.167, "y": 0.167 },
              "t": 140,
              "s": [256, 450, 0],
              "to": [0, 0, 0],
              "ti": [0, 20, 0]
            },
            {
              "i": { "x": 0.833, "y": 0.833 },
              "o": { "x": 0.167, "y": 0.167 },
              "t": 200,
              "s": [256, 330, 0],
              "to": [0, 0, 0],
              "ti": [0, 0, 0]
            },
            {
              "i": { "x": 0.833, "y": 0.833 },
              "o": { "x": 0.167, "y": 0.167 },
              "t": 215,
              "s": [256, 330, 0],
              "to": [0, 20, 0],
              "ti": [0, 0, 0]
            },
            {
              "i": { "x": 0.833, "y": 0.833 },
              "o": { "x": 0.167, "y": 0.167 },
              "t": 260,
              "s": [256, 450, 0],
              "to": [0, 0, 0],
              "ti": [0, 20, 0]
            },
            {
              "i": { "x": 0.833, "y": 0.833 },
              "o": { "x": 0.167, "y": 0.167 },
              "t": 320,
              "s": [256, 330, 0],
              "to": [0, 0, 0],
              "ti": [0, 0, 0]
            },
            {
              "i": { "x": 0.833, "y": 0.833 },
              "o": { "x": 0.167, "y": 0.167 },
              "t": 335,
              "s": [256, 330, 0],
              "to": [0, 10.534, 0],
              "ti": [0, -26.289, 0]
            },
            {
              "i": { "x": 0.833, "y": 0.833 },
              "o": { "x": 0.167, "y": 0.167 },
              "t": 359,
              "s": [256, 394, 0],
              "to": [0, 23.626, 0],
              "ti": [0, -9.466, 0]
            },
            { "t": 380, "s": [256, 450, 0] }
          ],
          "ix": 2
        },
        "a": { "a": 0, "k": [0, 0, 0], "ix": 1 },
        "s": { "a": 0, "k": [100, 100, 100], "ix": 6 }
      },
      "ao": 0,
      "shapes": [
        {
          "ind": 0,
          "ty": "sh",
          "ix": 1,
          "ks": {
            "a": 0,
            "k": {
              "i": [
                [4.418, 0],
                [0, 4.422],
                [0, 0],
                [-4.418, 0],
                [0, -4.422],
                [0, 0]
              ],
              "o": [
                [-4.418, 0],
                [0, 0],
                [0, -4.422],
                [4.418, 0],
                [0, 0],
                [0, 4.422]
              ],
              "v": [
                [0, 14],
                [-8, 6],
                [-8, -6],
                [0, -14],
                [8, -6],
                [8, 6]
              ],
              "c": true
            },
            "ix": 2
          },
          "nm": "Path 1",
          "mn": "ADBE Vector Shape - Group",
          "hd": false
        },
        {
          "ty": "st",
          "c": { "a": 0, "k": [0.039215687662, 0.352941185236, 0.831372559071, 1], "ix": 3 },
          "o": { "a": 0, "k": 100, "ix": 4 },
          "w": { "a": 0, "k": 1, "ix": 5 },
          "lc": 1,
          "lj": 1,
          "ml": 10,
          "bm": 0,
          "nm": "Stroke 1",
          "mn": "ADBE Vector Graphic - Stroke",
          "hd": false
        },
        {
          "ty": "gf",
          "o": { "a": 0, "k": 100, "ix": 10 },
          "r": 1,
          "bm": 0,
          "g": {
            "p": 5,
            "k": {
              "a": 0,
              "k": [
                0, 0.043, 0.396, 0.929, 0.225, 0.041, 0.375, 0.88, 0.45, 0.039, 0.353, 0.831, 0.725,
                0.037, 0.333, 0.784, 1, 0.035, 0.314, 0.737
              ],
              "ix": 9
            }
          },
          "s": { "a": 0, "k": [509.359, -974.172], "ix": 5 },
          "e": { "a": 0, "k": [522.557, -951.312], "ix": 6 },
          "t": 1,
          "nm": "Gradient Fill 1",
          "mn": "ADBE Vector Graphic - G-Fill",
          "hd": false
        }
      ],
      "ip": 0,
      "op": 360,
      "st": 0,
      "bm": 0
    },
    {
      "ddd": 0,
      "ind": 3,
      "ty": 4,
      "nm": "raindrop-1",
      "sr": 1,
      "ks": {
        "o": {
          "a": 1,
          "k": [
            {
              "i": { "x": [0.833], "y": [0.833] },
              "o": { "x": [0.167], "y": [0.167] },
              "t": 0,
              "s": [0]
            },
            {
              "i": { "x": [0.833], "y": [0.833] },
              "o": { "x": [0.167], "y": [0.167] },
              "t": 15,
              "s": [100]
            },
            {
              "i": { "x": [0.833], "y": [0.833] },
              "o": { "x": [0.167], "y": [0.167] },
              "t": 60,
              "s": [0]
            },
            {
              "i": { "x": [0.833], "y": [0.833] },
              "o": { "x": [0.167], "y": [0.167] },
              "t": 120,
              "s": [0]
            },
            {
              "i": { "x": [0.833], "y": [0.833] },
              "o": { "x": [0.167], "y": [0.167] },
              "t": 135,
              "s": [100]
            },
            {
              "i": { "x": [0.833], "y": [0.833] },
              "o": { "x": [0.167], "y": [0.167] },
              "t": 180,
              "s": [0]
            },
            {
              "i": { "x": [0.833], "y": [0.833] },
              "o": { "x": [0.167], "y": [0.167] },
              "t": 240,
              "s": [0]
            },
            {
              "i": { "x": [0.833], "y": [0.833] },
              "o": { "x": [0.167], "y": [0.167] },
              "t": 255,
              "s": [100]
            },
            { "t": 300, "s": [0] }
          ],
          "ix": 11
        },
        "r": { "a": 0, "k": 0, "ix": 10 },
        "p": {
          "a": 1,
          "k": [
            {
              "i": { "x": 0.833, "y": 0.833 },
              "o": { "x": 0.167, "y": 0.167 },
              "t": 0,
              "s": [200, 330, 0],
              "to": [0, 0, 0],
              "ti": [0, 0, 0]
            },
            {
              "i": { "x": 0.833, "y": 0.833 },
              "o": { "x": 0.167, "y": 0.167 },
              "t": 15,
              "s": [200, 330, 0],
              "to": [0, 20, 0],
              "ti": [0, 0, 0]
            },
            {
              "i": { "x": 0.833, "y": 0.833 },
              "o": { "x": 0.167, "y": 0.167 },
              "t": 60,
              "s": [200, 450, 0],
              "to": [0, 0, 0],
              "ti": [0, 20, 0]
            },
            {
              "i": { "x": 0.833, "y": 0.833 },
              "o": { "x": 0.167, "y": 0.167 },
              "t": 120,
              "s": [200, 330, 0],
              "to": [0, 0, 0],
              "ti": [0, 0, 0]
            },
            {
              "i": { "x": 0.833, "y": 0.833 },
              "o": { "x": 0.167, "y": 0.167 },
              "t": 135,
              "s": [200, 330, 0],
              "to": [0, 20, 0],
              "ti": [0, 0, 0]
            },
            {
              "i": { "x": 0.833, "y": 0.833 },
              "o": { "x": 0.167, "y": 0.167 },
              "t": 180,
              "s": [200, 450, 0],
              "to": [0, 0, 0],
              "ti": [0, 20, 0]
            },
            {
              "i": { "x": 0.833, "y": 0.833 },
              "o": { "x": 0.167, "y": 0.167 },
              "t": 240,
              "s": [200, 330, 0],
              "to": [0, 0, 0],
              "ti": [0, 0, 0]
            },
            {
              "i": { "x": 0.833, "y": 0.833 },
              "o": { "x": 0.167, "y": 0.167 },
              "t": 255,
              "s": [200, 330, 0],
              "to": [0, 20, 0],
              "ti": [0, -20, 0]
            },
            { "t": 300, "s": [200, 450, 0] }
          ],
          "ix": 2
        },
        "a": { "a": 0, "k": [0, 0, 0], "ix": 1 },
        "s": { "a": 0, "k": [100, 100, 100], "ix": 6 }
      },
      "ao": 0,
      "shapes": [
        {
          "ind": 0,
          "ty": "sh",
          "ix": 1,
          "ks": {
            "a": 0,
            "k": {
              "i": [
                [4.418, 0],
                [0, 4.422],
                [0, 0],
                [-4.418, 0],
                [0, -4.422],
                [0, 0]
              ],
              "o": [
                [-4.418, 0],
                [0, 0],
                [0, -4.422],
                [4.418, 0],
                [0, 0],
                [0, 4.422]
              ],
              "v": [
                [0, 14],
                [-8, 6],
                [-8, -6],
                [0, -14],
                [8, -6],
                [8, 6]
              ],
              "c": true
            },
            "ix": 2
          },
          "nm": "Path 1",
          "mn": "ADBE Vector Shape - Group",
          "hd": false
        },
        {
          "ty": "st",
          "c": { "a": 0, "k": [0.039215687662, 0.352941185236, 0.831372559071, 1], "ix": 3 },
          "o": { "a": 0, "k": 100, "ix": 4 },
          "w": { "a": 0, "k": 1, "ix": 5 },
          "lc": 1,
          "lj": 1,
          "ml": 10,
          "bm": 0,
          "nm": "Stroke 1",
          "mn": "ADBE Vector Graphic - Stroke",
          "hd": false
        },
        {
          "ty": "gf",
          "o": { "a": 0, "k": 100, "ix": 10 },
          "r": 1,
          "bm": 0,
          "g": {
            "p": 5,
            "k": {
              "a": 0,
              "k": [
                0, 0.043, 0.396, 0.929, 0.225, 0.041, 0.375, 0.88, 0.45, 0.039, 0.353, 0.831, 0.725,
                0.037, 0.333, 0.784, 1, 0.035, 0.314, 0.737
              ],
              "ix": 9
            }
          },
          "s": { "a": 0, "k": [508.939, -983.218], "ix": 5 },
          "e": { "a": 0, "k": [522.137, -960.358], "ix": 6 },
          "t": 1,
          "nm": "Gradient Fill 1",
          "mn": "ADBE Vector Graphic - G-Fill",
          "hd": false
        }
      ],
      "ip": 0,
      "op": 360,
      "st": 0,
      "bm": 0
    },
    {
      "ddd": 0,
      "ind": 4,
      "ty": 4,
      "nm": "cloud",
      "sr": 1,
      "ks": {
        "o": { "a": 0, "k": 100, "ix": 11 },
        "r": { "a": 0, "k": 0, "ix": 10 },
        "p": { "a": 0, "k": [256, 256, 0], "ix": 2 },
        "a": { "a": 0, "k": [0, 0, 0], "ix": 1 },
        "s": { "a": 0, "k": [100, 100, 100], "ix": 6 }
      },
      "ao": 0,
      "shapes": [
        {
          "ind": 0,
          "ty": "sh",
          "ix": 1,
          "ks": {
            "a": 0,
            "k": {
              "i": [
                [30.928, 0],
                [0.844, -0.038],
                [0, 6.951],
                [46.392, 0],
                [14.803, -23.924],
                [10.461, 0],
                [0, -30.928],
                [-0.484, -2.963],
                [0, -29.306],
                [-33.137, 0],
                [-1.328, 0.088],
                [0, 0],
                [0, 0],
                [0, 30.928]
              ],
              "o": [
                [-0.854, 0],
                [1.592, -6.459],
                [0, -46.392],
                [-30.201, 0],
                [-8.378, -4.994],
                [-30.928, 0],
                [0, 3.1],
                [-27.779, 5.25],
                [0, 33.137],
                [1.351, 0],
                [0, 0],
                [0, 0],
                [30.928, 0],
                [0, -30.928]
              ],
              "v": [
                [116, -4],
                [113.471, -3.873],
                [116, -24],
                [32, -108],
                [-39.404, -68.085],
                [-68, -76],
                [-124, -20],
                [-123.199, -10.917],
                [-172, 48],
                [-112, 108],
                [-108, 107.798],
                [-108, 108],
                [116, 108],
                [172, 52]
              ],
              "c": true
            },
            "ix": 2
          },
          "nm": "cloud-path",
          "mn": "ADBE Vector Shape - Group",
          "hd": false
        },
        {
          "ty": "st",
          "c": { "a": 0, "k": [0.901960790157, 0.937254905701, 0.988235294819, 1], "ix": 3 },
          "o": { "a": 0, "k": 100, "ix": 4 },
          "w": { "a": 0, "k": 6, "ix": 5 },
          "lc": 1,
          "lj": 1,
          "ml": 10,
          "bm": 0,
          "nm": "cloud-stroke",
          "mn": "ADBE Vector Graphic - Stroke",
          "hd": false
        },
        {
          "ty": "gf",
          "o": { "a": 0, "k": 100, "ix": 10 },
          "r": 1,
          "bm": 0,
          "g": {
            "p": 5,
            "k": {
              "a": 0,
              "k": [
                0, 0.953, 0.969, 0.996, 0.225, 0.953, 0.969, 0.996, 0.45, 0.953, 0.969, 0.996,
                0.725, 0.912, 0.943, 0.99, 1, 0.871, 0.918, 0.984
              ],
              "ix": 9
            }
          },
          "s": { "a": 0, "k": [-76, -81], "ix": 5 },
          "e": { "a": 0, "k": [57.186, 149.685], "ix": 6 },
          "t": 1,
          "nm": "cloud-fill",
          "mn": "ADBE Vector Graphic - G-Fill",
          "hd": false
        }
      ],
      "ip": 0,
      "op": 360,
      "st": 0,
      "bm": 0
    }
  ],
  "markers": []
}
