{
    "v": "5.1.6",
    "fr": 30,
    "ip": 0,
    "op": 79,
    "w": 375,
    "h": 375,
    "nm": "loading",
    "ddd": 0,
    "assets": [],
    "layers": [
        {
            "ddd": 0,
            "ind": 1,
            "ty": 4,
            "nm": "blue",
            "sr": 1,
            "ks": {
                "o": {
                    "a": 0,
                    "k": 100,
                    "ix": 11
                },
                "r": {
                    "a": 0,
                    "k": 0,
                    "ix": 10
                },
                "p": {
                    "a": 0,
                    "k": [
                        184.5,
                        176.408,
                        0
                    ],
                    "ix": 2
                },
                "a": {
                    "a": 0,
                    "k": [
                        -42,
                        -61.092,
                        0
                    ],
                    "ix": 1
                },
                "s": {
                    "a": 0,
                    "k": [
                        193.356,
                        193.356,
                        100
                    ],
                    "ix": 6
                }
            },
            "ao": 0,
            "shapes": [
                {
                    "ty": "gr",
                    "it": [
                        {
                            "ty": "sr",
                            "sy": 2,
                            "d": 1,
                            "pt": {
                                "a": 0,
                                "k": 6,
                                "ix": 3
                            },
                            "p": {
                                "a": 0,
                                "k": [
                                    0,
                                    0
                                ],
                                "ix": 4
                            },
                            "r": {
                                "a": 0,
                                "k": 0,
                                "ix": 5
                            },
                            "or": {
                                "a": 0,
                                "k": 42.849,
                                "ix": 7
                            },
                            "os": {
                                "a": 0,
                                "k": 0,
                                "ix": 9
                            },
                            "ix": 1,
                            "nm": "Polystar Path 1",
                            "mn": "ADBE Vector Shape - Star",
                            "hd": false
                        },
                        {
                            "ty": "st",
                            "c": {
                                "a": 0,
                                "k": [
                                    0.2901960784313726,
                                    0.3215686274509804,
                                    0.7764705882352941,
                                    1
                                ],
                                "ix": 3
                            },
                            "o": {
                                "a": 0,
                                "k": 100,
                                "ix": 4
                            },
                            "w": {
                                "a": 0,
                                "k": 15,
                                "ix": 5
                            },
                            "lc": 2,
                            "lj": 2,
                            "nm": "Stroke 1",
                            "mn": "ADBE Vector Graphic - Stroke",
                            "hd": false
                        },
                        {
                            "ty": "tr",
                            "p": {
                                "a": 0,
                                "k": [
                                    -42,
                                    -57
                                ],
                                "ix": 2
                            },
                            "a": {
                                "a": 0,
                                "k": [
                                    0,
                                    0
                                ],
                                "ix": 1
                            },
                            "s": {
                                "a": 0,
                                "k": [
                                    100,
                                    100
                                ],
                                "ix": 3
                            },
                            "r": {
                                "a": 0,
                                "k": 0,
                                "ix": 6
                            },
                            "o": {
                                "a": 0,
                                "k": 100,
                                "ix": 7
                            },
                            "sk": {
                                "a": 0,
                                "k": 0,
                                "ix": 4
                            },
                            "sa": {
                                "a": 0,
                                "k": 0,
                                "ix": 5
                            },
                            "nm": "Transform"
                        }
                    ],
                    "nm": "Polystar 1",
                    "np": 3,
                    "cix": 2,
                    "ix": 1,
                    "mn": "ADBE Vector Group",
                    "hd": false
                },
                {
                    "ty": "tm",
                    "s": {
                        "a": 1,
                        "k": [
                            {
                                "i": {
                                    "x": [
                                        0.667
                                    ],
                                    "y": [
                                        1
                                    ]
                                },
                                "o": {
                                    "x": [
                                        0.333
                                    ],
                                    "y": [
                                        0
                                    ]
                                },
                                "n": [
                                    "0p667_1_0p333_0"
                                ],
                                "t": 45,
                                "s": [
                                    0
                                ],
                                "e": [
                                    100
                                ]
                            },
                            {
                                "t": 71
                            }
                        ],
                        "ix": 1
                    },
                    "e": {
                        "a": 1,
                        "k": [
                            {
                                "i": {
                                    "x": [
                                        0.667
                                    ],
                                    "y": [
                                        1
                                    ]
                                },
                                "o": {
                                    "x": [
                                        0.333
                                    ],
                                    "y": [
                                        0
                                    ]
                                },
                                "n": [
                                    "0p667_1_0p333_0"
                                ],
                                "t": 26,
                                "s": [
                                    0
                                ],
                                "e": [
                                    100
                                ]
                            },
                            {
                                "t": 50
                            }
                        ],
                        "ix": 2
                    },
                    "o": {
                        "a": 0,
                        "k": 0,
                        "ix": 3
                    },
                    "m": 1,
                    "ix": 2,
                    "nm": "Trim Paths 1",
                    "mn": "ADBE Vector Filter - Trim",
                    "hd": false
                }
            ],
            "ip": 0,
            "op": 79,
            "st": -4,
            "bm": 0
        },
        {
            "ddd": 0,
            "ind": 2,
            "ty": 4,
            "nm": "teal",
            "sr": 1,
            "ks": {
                "o": {
                    "a": 0,
                    "k": 100,
                    "ix": 11
                },
                "r": {
                    "a": 0,
                    "k": 0,
                    "ix": 10
                },
                "p": {
                    "a": 0,
                    "k": [
                        184.5,
                        176.408,
                        0
                    ],
                    "ix": 2
                },
                "a": {
                    "a": 0,
                    "k": [
                        -42,
                        -61.092,
                        0
                    ],
                    "ix": 1
                },
                "s": {
                    "a": 0,
                    "k": [
                        193.356,
                        193.356,
                        100
                    ],
                    "ix": 6
                }
            },
            "ao": 0,
            "shapes": [
                {
                    "ty": "gr",
                    "it": [
                        {
                            "ty": "sr",
                            "sy": 2,
                            "d": 1,
                            "pt": {
                                "a": 0,
                                "k": 6,
                                "ix": 3
                            },
                            "p": {
                                "a": 0,
                                "k": [
                                    0,
                                    0
                                ],
                                "ix": 4
                            },
                            "r": {
                                "a": 0,
                                "k": 0,
                                "ix": 5
                            },
                            "or": {
                                "a": 0,
                                "k": 42.849,
                                "ix": 7
                            },
                            "os": {
                                "a": 0,
                                "k": 0,
                                "ix": 9
                            },
                            "ix": 1,
                            "nm": "Polystar Path 1",
                            "mn": "ADBE Vector Shape - Star",
                            "hd": false
                        },
                        {
                            "ty": "st",
                            "c": {
                                "a": 0,
                                "k": [
                                    0.2901960784313726,
                                    0.3215686274509804,
                                    0.7764705882352941,
                                    1
                                ],
                                "ix": 3
                            },
                            "o": {
                                "a": 0,
                                "k": 100,
                                "ix": 4
                            },
                            "w": {
                                "a": 0,
                                "k": 15,
                                "ix": 5
                            },
                            "lc": 2,
                            "lj": 2,
                            "nm": "Stroke 1",
                            "mn": "ADBE Vector Graphic - Stroke",
                            "hd": false
                        },
                        {
                            "ty": "tr",
                            "p": {
                                "a": 0,
                                "k": [
                                    -42,
                                    -57
                                ],
                                "ix": 2
                            },
                            "a": {
                                "a": 0,
                                "k": [
                                    0,
                                    0
                                ],
                                "ix": 1
                            },
                            "s": {
                                "a": 0,
                                "k": [
                                    100,
                                    100
                                ],
                                "ix": 3
                            },
                            "r": {
                                "a": 0,
                                "k": 0,
                                "ix": 6
                            },
                            "o": {
                                "a": 0,
                                "k": 100,
                                "ix": 7
                            },
                            "sk": {
                                "a": 0,
                                "k": 0,
                                "ix": 4
                            },
                            "sa": {
                                "a": 0,
                                "k": 0,
                                "ix": 5
                            },
                            "nm": "Transform"
                        }
                    ],
                    "nm": "Polystar 1",
                    "np": 3,
                    "cix": 2,
                    "ix": 1,
                    "mn": "ADBE Vector Group",
                    "hd": false
                },
                {
                    "ty": "tm",
                    "s": {
                        "a": 1,
                        "k": [
                            {
                                "i": {
                                    "x": [
                                        0.667
                                    ],
                                    "y": [
                                        1
                                    ]
                                },
                                "o": {
                                    "x": [
                                        0.333
                                    ],
                                    "y": [
                                        0
                                    ]
                                },
                                "n": [
                                    "0p667_1_0p333_0"
                                ],
                                "t": 41,
                                "s": [
                                    0
                                ],
                                "e": [
                                    100
                                ]
                            },
                            {
                                "t": 67
                            }
                        ],
                        "ix": 1
                    },
                    "e": {
                        "a": 1,
                        "k": [
                            {
                                "i": {
                                    "x": [
                                        0.667
                                    ],
                                    "y": [
                                        1
                                    ]
                                },
                                "o": {
                                    "x": [
                                        0.333
                                    ],
                                    "y": [
                                        0
                                    ]
                                },
                                "n": [
                                    "0p667_1_0p333_0"
                                ],
                                "t": 22,
                                "s": [
                                    0
                                ],
                                "e": [
                                    100
                                ]
                            },
                            {
                                "t": 46
                            }
                        ],
                        "ix": 2
                    },
                    "o": {
                        "a": 0,
                        "k": 0,
                        "ix": 3
                    },
                    "m": 1,
                    "ix": 2,
                    "nm": "Trim Paths 1",
                    "mn": "ADBE Vector Filter - Trim",
                    "hd": false
                }
            ],
            "ip": 0,
            "op": 79,
            "st": -4,
            "bm": 0
        },
        {
            "ddd": 0,
            "ind": 3,
            "ty": 4,
            "nm": "purple",
            "sr": 1,
            "ks": {
                "o": {
                    "a": 0,
                    "k": 100,
                    "ix": 11
                },
                "r": {
                    "a": 0,
                    "k": 0,
                    "ix": 10
                },
                "p": {
                    "a": 0,
                    "k": [
                        184.5,
                        176.408,
                        0
                    ],
                    "ix": 2
                },
                "a": {
                    "a": 0,
                    "k": [
                        -42,
                        -61.092,
                        0
                    ],
                    "ix": 1
                },
                "s": {
                    "a": 0,
                    "k": [
                        193.356,
                        193.356,
                        100
                    ],
                    "ix": 6
                }
            },
            "ao": 0,
            "shapes": [
                {
                    "ty": "gr",
                    "it": [
                        {
                            "ty": "sr",
                            "sy": 2,
                            "d": 1,
                            "pt": {
                                "a": 0,
                                "k": 6,
                                "ix": 3
                            },
                            "p": {
                                "a": 0,
                                "k": [
                                    0,
                                    0
                                ],
                                "ix": 4
                            },
                            "r": {
                                "a": 0,
                                "k": 0,
                                "ix": 5
                            },
                            "or": {
                                "a": 0,
                                "k": 42.849,
                                "ix": 7
                            },
                            "os": {
                                "a": 0,
                                "k": 0,
                                "ix": 9
                            },
                            "ix": 1,
                            "nm": "Polystar Path 1",
                            "mn": "ADBE Vector Shape - Star",
                            "hd": false
                        },
                        {
                            "ty": "st",
                            "c": {
                                "a": 0,
                                "k": [
                                    0.2901960784313726,
                                    0.3215686274509804,
                                    0.7764705882352941,
                                    1
                                ],
                                "ix": 3
                            },
                            "o": {
                                "a": 0,
                                "k": 100,
                                "ix": 4
                            },
                            "w": {
                                "a": 0,
                                "k": 15,
                                "ix": 5
                            },
                            "lc": 2,
                            "lj": 2,
                            "nm": "Stroke 1",
                            "mn": "ADBE Vector Graphic - Stroke",
                            "hd": false
                        },
                        {
                            "ty": "tr",
                            "p": {
                                "a": 0,
                                "k": [
                                    -42,
                                    -57
                                ],
                                "ix": 2
                            },
                            "a": {
                                "a": 0,
                                "k": [
                                    0,
                                    0
                                ],
                                "ix": 1
                            },
                            "s": {
                                "a": 0,
                                "k": [
                                    100,
                                    100
                                ],
                                "ix": 3
                            },
                            "r": {
                                "a": 0,
                                "k": 0,
                                "ix": 6
                            },
                            "o": {
                                "a": 0,
                                "k": 100,
                                "ix": 7
                            },
                            "sk": {
                                "a": 0,
                                "k": 0,
                                "ix": 4
                            },
                            "sa": {
                                "a": 0,
                                "k": 0,
                                "ix": 5
                            },
                            "nm": "Transform"
                        }
                    ],
                    "nm": "Polystar 1",
                    "np": 3,
                    "cix": 2,
                    "ix": 1,
                    "mn": "ADBE Vector Group",
                    "hd": false
                },
                {
                    "ty": "tm",
                    "s": {
                        "a": 1,
                        "k": [
                            {
                                "i": {
                                    "x": [
                                        0.667
                                    ],
                                    "y": [
                                        1
                                    ]
                                },
                                "o": {
                                    "x": [
                                        0.333
                                    ],
                                    "y": [
                                        0
                                    ]
                                },
                                "n": [
                                    "0p667_1_0p333_0"
                                ],
                                "t": 37,
                                "s": [
                                    0
                                ],
                                "e": [
                                    100
                                ]
                            },
                            {
                                "t": 63
                            }
                        ],
                        "ix": 1
                    },
                    "e": {
                        "a": 1,
                        "k": [
                            {
                                "i": {
                                    "x": [
                                        0.667
                                    ],
                                    "y": [
                                        1
                                    ]
                                },
                                "o": {
                                    "x": [
                                        0.333
                                    ],
                                    "y": [
                                        0
                                    ]
                                },
                                "n": [
                                    "0p667_1_0p333_0"
                                ],
                                "t": 18,
                                "s": [
                                    0
                                ],
                                "e": [
                                    100
                                ]
                            },
                            {
                                "t": 42
                            }
                        ],
                        "ix": 2
                    },
                    "o": {
                        "a": 0,
                        "k": 0,
                        "ix": 3
                    },
                    "m": 1,
                    "ix": 2,
                    "nm": "Trim Paths 1",
                    "mn": "ADBE Vector Filter - Trim",
                    "hd": false
                }
            ],
            "ip": 0,
            "op": 79,
            "st": -4,
            "bm": 0
        },
        {
            "ddd": 0,
            "ind": 4,
            "ty": 4,
            "nm": "red",
            "sr": 1,
            "ks": {
                "o": {
                    "a": 0,
                    "k": 100,
                    "ix": 11
                },
                "r": {
                    "a": 0,
                    "k": 0,
                    "ix": 10
                },
                "p": {
                    "a": 0,
                    "k": [
                        184.5,
                        176.408,
                        0
                    ],
                    "ix": 2
                },
                "a": {
                    "a": 0,
                    "k": [
                        -42,
                        -61.092,
                        0
                    ],
                    "ix": 1
                },
                "s": {
                    "a": 0,
                    "k": [
                        193.356,
                        193.356,
                        100
                    ],
                    "ix": 6
                }
            },
            "ao": 0,
            "shapes": [
                {
                    "ty": "gr",
                    "it": [
                        {
                            "ty": "sr",
                            "sy": 2,
                            "d": 1,
                            "pt": {
                                "a": 0,
                                "k": 6,
                                "ix": 3
                            },
                            "p": {
                                "a": 0,
                                "k": [
                                    0,
                                    0
                                ],
                                "ix": 4
                            },
                            "r": {
                                "a": 0,
                                "k": 0,
                                "ix": 5
                            },
                            "or": {
                                "a": 0,
                                "k": 42.849,
                                "ix": 7
                            },
                            "os": {
                                "a": 0,
                                "k": 0,
                                "ix": 9
                            },
                            "ix": 1,
                            "nm": "Polystar Path 1",
                            "mn": "ADBE Vector Shape - Star",
                            "hd": false
                        },
                        {
                            "ty": "st",
                            "c": {
                                "a": 0,
                                "k": [
                                    0.2901960784313726,
                                    0.3215686274509804,
                                    0.7764705882352941,
                                    1
                                ],
                                "ix": 3
                            },
                            "o": {
                                "a": 0,
                                "k": 100,
                                "ix": 4
                            },
                            "w": {
                                "a": 0,
                                "k": 15,
                                "ix": 5
                            },
                            "lc": 2,
                            "lj": 2,
                            "nm": "Stroke 1",
                            "mn": "ADBE Vector Graphic - Stroke",
                            "hd": false
                        },
                        {
                            "ty": "tr",
                            "p": {
                                "a": 0,
                                "k": [
                                    -42,
                                    -57
                                ],
                                "ix": 2
                            },
                            "a": {
                                "a": 0,
                                "k": [
                                    0,
                                    0
                                ],
                                "ix": 1
                            },
                            "s": {
                                "a": 0,
                                "k": [
                                    100,
                                    100
                                ],
                                "ix": 3
                            },
                            "r": {
                                "a": 0,
                                "k": 0,
                                "ix": 6
                            },
                            "o": {
                                "a": 0,
                                "k": 100,
                                "ix": 7
                            },
                            "sk": {
                                "a": 0,
                                "k": 0,
                                "ix": 4
                            },
                            "sa": {
                                "a": 0,
                                "k": 0,
                                "ix": 5
                            },
                            "nm": "Transform"
                        }
                    ],
                    "nm": "Polystar 1",
                    "np": 3,
                    "cix": 2,
                    "ix": 1,
                    "mn": "ADBE Vector Group",
                    "hd": false
                },
                {
                    "ty": "tm",
                    "s": {
                        "a": 1,
                        "k": [
                            {
                                "i": {
                                    "x": [
                                        0.667
                                    ],
                                    "y": [
                                        1
                                    ]
                                },
                                "o": {
                                    "x": [
                                        0.333
                                    ],
                                    "y": [
                                        0
                                    ]
                                },
                                "n": [
                                    "0p667_1_0p333_0"
                                ],
                                "t": 32,
                                "s": [
                                    0
                                ],
                                "e": [
                                    100
                                ]
                            },
                            {
                                "t": 59
                            }
                        ],
                        "ix": 1
                    },
                    "e": {
                        "a": 1,
                        "k": [
                            {
                                "i": {
                                    "x": [
                                        0.667
                                    ],
                                    "y": [
                                        1
                                    ]
                                },
                                "o": {
                                    "x": [
                                        0.333
                                    ],
                                    "y": [
                                        0
                                    ]
                                },
                                "n": [
                                    "0p667_1_0p333_0"
                                ],
                                "t": 14,
                                "s": [
                                    0
                                ],
                                "e": [
                                    100
                                ]
                            },
                            {
                                "t": 38
                            }
                        ],
                        "ix": 2
                    },
                    "o": {
                        "a": 0,
                        "k": 0,
                        "ix": 3
                    },
                    "m": 1,
                    "ix": 2,
                    "nm": "Trim Paths 1",
                    "mn": "ADBE Vector Filter - Trim",
                    "hd": false
                }
            ],
            "ip": 0,
            "op": 79,
            "st": -4,
            "bm": 0
        },
        {
            "ddd": 0,
            "ind": 5,
            "ty": 4,
            "nm": "green",
            "sr": 1,
            "ks": {
                "o": {
                    "a": 0,
                    "k": 100,
                    "ix": 11
                },
                "r": {
                    "a": 0,
                    "k": 0,
                    "ix": 10
                },
                "p": {
                    "a": 0,
                    "k": [
                        184.5,
                        176.408,
                        0
                    ],
                    "ix": 2
                },
                "a": {
                    "a": 0,
                    "k": [
                        -42,
                        -61.092,
                        0
                    ],
                    "ix": 1
                },
                "s": {
                    "a": 0,
                    "k": [
                        193.356,
                        193.356,
                        100
                    ],
                    "ix": 6
                }
            },
            "ao": 0,
            "shapes": [
                {
                    "ty": "gr",
                    "it": [
                        {
                            "ty": "sr",
                            "sy": 2,
                            "d": 1,
                            "pt": {
                                "a": 0,
                                "k": 6,
                                "ix": 3
                            },
                            "p": {
                                "a": 0,
                                "k": [
                                    0,
                                    0
                                ],
                                "ix": 4
                            },
                            "r": {
                                "a": 0,
                                "k": 0,
                                "ix": 5
                            },
                            "or": {
                                "a": 0,
                                "k": 42.849,
                                "ix": 7
                            },
                            "os": {
                                "a": 0,
                                "k": 0,
                                "ix": 9
                            },
                            "ix": 1,
                            "nm": "Polystar Path 1",
                            "mn": "ADBE Vector Shape - Star",
                            "hd": false
                        },
                        {
                            "ty": "st",
                            "c": {
                                "a": 0,
                                "k": [
                                    0.2901960784313726,
                                    0.3215686274509804,
                                    0.7764705882352941,
                                    1
                                ],
                                "ix": 3
                            },
                            "o": {
                                "a": 0,
                                "k": 100,
                                "ix": 4
                            },
                            "w": {
                                "a": 0,
                                "k": 15,
                                "ix": 5
                            },
                            "lc": 2,
                            "lj": 2,
                            "nm": "Stroke 1",
                            "mn": "ADBE Vector Graphic - Stroke",
                            "hd": false
                        },
                        {
                            "ty": "tr",
                            "p": {
                                "a": 0,
                                "k": [
                                    -42,
                                    -57
                                ],
                                "ix": 2
                            },
                            "a": {
                                "a": 0,
                                "k": [
                                    0,
                                    0
                                ],
                                "ix": 1
                            },
                            "s": {
                                "a": 0,
                                "k": [
                                    100,
                                    100
                                ],
                                "ix": 3
                            },
                            "r": {
                                "a": 0,
                                "k": 0,
                                "ix": 6
                            },
                            "o": {
                                "a": 0,
                                "k": 100,
                                "ix": 7
                            },
                            "sk": {
                                "a": 0,
                                "k": 0,
                                "ix": 4
                            },
                            "sa": {
                                "a": 0,
                                "k": 0,
                                "ix": 5
                            },
                            "nm": "Transform"
                        }
                    ],
                    "nm": "Polystar 1",
                    "np": 3,
                    "cix": 2,
                    "ix": 1,
                    "mn": "ADBE Vector Group",
                    "hd": false
                },
                {
                    "ty": "tm",
                    "s": {
                        "a": 1,
                        "k": [
                            {
                                "i": {
                                    "x": [
                                        0.667
                                    ],
                                    "y": [
                                        1
                                    ]
                                },
                                "o": {
                                    "x": [
                                        0.333
                                    ],
                                    "y": [
                                        0
                                    ]
                                },
                                "n": [
                                    "0p667_1_0p333_0"
                                ],
                                "t": 31,
                                "s": [
                                    0
                                ],
                                "e": [
                                    100
                                ]
                            },
                            {
                                "t": 56
                            }
                        ],
                        "ix": 1
                    },
                    "e": {
                        "a": 1,
                        "k": [
                            {
                                "i": {
                                    "x": [
                                        0.667
                                    ],
                                    "y": [
                                        1
                                    ]
                                },
                                "o": {
                                    "x": [
                                        0.333
                                    ],
                                    "y": [
                                        0
                                    ]
                                },
                                "n": [
                                    "0p667_1_0p333_0"
                                ],
                                "t": 10,
                                "s": [
                                    0
                                ],
                                "e": [
                                    100
                                ]
                            },
                            {
                                "t": 35
                            }
                        ],
                        "ix": 2
                    },
                    "o": {
                        "a": 0,
                        "k": 0,
                        "ix": 3
                    },
                    "m": 1,
                    "ix": 2,
                    "nm": "Trim Paths 1",
                    "mn": "ADBE Vector Filter - Trim",
                    "hd": false
                }
            ],
            "ip": 0,
            "op": 79,
            "st": 0,
            "bm": 0
        },
        {
            "ddd": 0,
            "ind": 6,
            "ty": 4,
            "nm": "yellow",
            "sr": 1,
            "ks": {
                "o": {
                    "a": 0,
                    "k": 100,
                    "ix": 11
                },
                "r": {
                    "a": 0,
                    "k": 0,
                    "ix": 10
                },
                "p": {
                    "a": 0,
                    "k": [
                        184.5,
                        176.408,
                        0
                    ],
                    "ix": 2
                },
                "a": {
                    "a": 0,
                    "k": [
                        -42,
                        -61.092,
                        0
                    ],
                    "ix": 1
                },
                "s": {
                    "a": 0,
                    "k": [
                        193.356,
                        193.356,
                        100
                    ],
                    "ix": 6
                }
            },
            "ao": 0,
            "shapes": [
                {
                    "ty": "gr",
                    "it": [
                        {
                            "ty": "sr",
                            "sy": 2,
                            "d": 1,
                            "pt": {
                                "a": 0,
                                "k": 6,
                                "ix": 3
                            },
                            "p": {
                                "a": 0,
                                "k": [
                                    0,
                                    0
                                ],
                                "ix": 4
                            },
                            "r": {
                                "a": 0,
                                "k": 0,
                                "ix": 5
                            },
                            "or": {
                                "a": 0,
                                "k": 42.849,
                                "ix": 7
                            },
                            "os": {
                                "a": 0,
                                "k": 0,
                                "ix": 9
                            },
                            "ix": 1,
                            "nm": "Polystar Path 1",
                            "mn": "ADBE Vector Shape - Star",
                            "hd": false
                        },
                        {
                            "ty": "st",
                            "c": {
                                "a": 0,
                                "k": [
                                    0.2901960784313726,
                                    0.3215686274509804,
                                    0.7764705882352941,
                                    1
                                ],
                                "ix": 3
                            },
                            "o": {
                                "a": 0,
                                "k": 100,
                                "ix": 4
                            },
                            "w": {
                                "a": 0,
                                "k": 15,
                                "ix": 5
                            },
                            "lc": 2,
                            "lj": 2,
                            "nm": "Stroke 1",
                            "mn": "ADBE Vector Graphic - Stroke",
                            "hd": false
                        },
                        {
                            "ty": "tr",
                            "p": {
                                "a": 0,
                                "k": [
                                    -42,
                                    -57
                                ],
                                "ix": 2
                            },
                            "a": {
                                "a": 0,
                                "k": [
                                    0,
                                    0
                                ],
                                "ix": 1
                            },
                            "s": {
                                "a": 0,
                                "k": [
                                    100,
                                    100
                                ],
                                "ix": 3
                            },
                            "r": {
                                "a": 0,
                                "k": 0,
                                "ix": 6
                            },
                            "o": {
                                "a": 0,
                                "k": 100,
                                "ix": 7
                            },
                            "sk": {
                                "a": 0,
                                "k": 0,
                                "ix": 4
                            },
                            "sa": {
                                "a": 0,
                                "k": 0,
                                "ix": 5
                            },
                            "nm": "Transform"
                        }
                    ],
                    "nm": "Polystar 1",
                    "np": 3,
                    "cix": 2,
                    "ix": 1,
                    "mn": "ADBE Vector Group",
                    "hd": false
                },
                {
                    "ty": "tm",
                    "s": {
                        "a": 1,
                        "k": [
                            {
                                "i": {
                                    "x": [
                                        0.667
                                    ],
                                    "y": [
                                        1
                                    ]
                                },
                                "o": {
                                    "x": [
                                        0.333
                                    ],
                                    "y": [
                                        0
                                    ]
                                },
                                "n": [
                                    "0p667_1_0p333_0"
                                ],
                                "t": 29,
                                "s": [
                                    0
                                ],
                                "e": [
                                    100
                                ]
                            },
                            {
                                "t": 54
                            }
                        ],
                        "ix": 1
                    },
                    "e": {
                        "a": 1,
                        "k": [
                            {
                                "i": {
                                    "x": [
                                        0.667
                                    ],
                                    "y": [
                                        1
                                    ]
                                },
                                "o": {
                                    "x": [
                                        0.333
                                    ],
                                    "y": [
                                        0
                                    ]
                                },
                                "n": [
                                    "0p667_1_0p333_0"
                                ],
                                "t": 4,
                                "s": [
                                    0
                                ],
                                "e": [
                                    100
                                ]
                            },
                            {
                                "t": 28
                            }
                        ],
                        "ix": 2
                    },
                    "o": {
                        "a": 0,
                        "k": 0,
                        "ix": 3
                    },
                    "m": 1,
                    "ix": 2,
                    "nm": "Trim Paths 1",
                    "mn": "ADBE Vector Filter - Trim",
                    "hd": false
                }
            ],
            "ip": 0,
            "op": 79,
            "st": -4,
            "bm": 0
        },
        {
            "ddd": 0,
            "ind": 7,
            "ty": 4,
            "nm": "container",
            "sr": 1,
            "ks": {
                "o": {
                    "a": 0,
                    "k": 100,
                    "ix": 11
                },
                "r": {
                    "a": 0,
                    "k": 0,
                    "ix": 10
                },
                "p": {
                    "a": 0,
                    "k": [
                        184.5,
                        176.408,
                        0
                    ],
                    "ix": 2
                },
                "a": {
                    "a": 0,
                    "k": [
                        -42,
                        -61.092,
                        0
                    ],
                    "ix": 1
                },
                "s": {
                    "a": 0,
                    "k": [
                        193.356,
                        193.356,
                        100
                    ],
                    "ix": 6
                }
            },
            "ao": 0,
            "shapes": [
                {
                    "ty": "gr",
                    "it": [
                        {
                            "ty": "sr",
                            "sy": 2,
                            "d": 1,
                            "pt": {
                                "a": 0,
                                "k": 6,
                                "ix": 3
                            },
                            "p": {
                                "a": 0,
                                "k": [
                                    0,
                                    0
                                ],
                                "ix": 4
                            },
                            "r": {
                                "a": 0,
                                "k": 0,
                                "ix": 5
                            },
                            "or": {
                                "a": 0,
                                "k": 42.849,
                                "ix": 7
                            },
                            "os": {
                                "a": 0,
                                "k": 0,
                                "ix": 9
                            },
                            "ix": 1,
                            "nm": "Polystar Path 1",
                            "mn": "ADBE Vector Shape - Star",
                            "hd": false
                        },
                        {
                            "ty": "st",
                            "c": {
                                "a": 0,
                                "k": [
                                    1,
                                    1,
                                    1,
                                    1
                                ],
                                "ix": 3
                            },
                            "o": {
                                "a": 0,
                                "k": 100,
                                "ix": 4
                            },
                            "w": {
                                "a": 0,
                                "k": 15,
                                "ix": 5
                            },
                            "lc": 2,
                            "lj": 2,
                            "nm": "Stroke 1",
                            "mn": "ADBE Vector Graphic - Stroke",
                            "hd": false
                        },
                        {
                            "ty": "tr",
                            "p": {
                                "a": 0,
                                "k": [
                                    -42,
                                    -57
                                ],
                                "ix": 2
                            },
                            "a": {
                                "a": 0,
                                "k": [
                                    0,
                                    0
                                ],
                                "ix": 1
                            },
                            "s": {
                                "a": 0,
                                "k": [
                                    100,
                                    100
                                ],
                                "ix": 3
                            },
                            "r": {
                                "a": 0,
                                "k": 0,
                                "ix": 6
                            },
                            "o": {
                                "a": 0,
                                "k": 100,
                                "ix": 7
                            },
                            "sk": {
                                "a": 0,
                                "k": 0,
                                "ix": 4
                            },
                            "sa": {
                                "a": 0,
                                "k": 0,
                                "ix": 5
                            },
                            "nm": "Transform"
                        }
                    ],
                    "nm": "Polystar 1",
                    "np": 3,
                    "cix": 2,
                    "ix": 1,
                    "mn": "ADBE Vector Group",
                    "hd": false
                },
                {
                    "ty": "tm",
                    "s": {
                        "a": 0,
                        "k": 0,
                        "ix": 1
                    },
                    "e": {
                        "a": 0,
                        "k": 100,
                        "ix": 2
                    },
                    "o": {
                        "a": 0,
                        "k": 0,
                        "ix": 3
                    },
                    "m": 1,
                    "ix": 2,
                    "nm": "Trim Paths 1",
                    "mn": "ADBE Vector Filter - Trim",
                    "hd": false
                }
            ],
            "ip": 0,
            "op": 79,
            "st": 0,
            "bm": 0
        },
        {
            "ddd": 0,
            "ind": 8,
            "ty": 4,
            "nm": "circle-container",
            "sr": 1,
            "ks": {
                "o": {
                    "a": 0,
                    "k": 100,
                    "ix": 11
                },
                "r": {
                    "a": 0,
                    "k": 0,
                    "ix": 10
                },
                "p": {
                    "a": 0,
                    "k": [
                        185.152,
                        185.152,
                        0
                    ],
                    "ix": 2
                },
                "a": {
                    "a": 0,
                    "k": [
                        111.652,
                        119.652,
                        0
                    ],
                    "ix": 1
                },
                "s": {
                    "a": 0,
                    "k": [
                        133.677,
                        133.677,
                        100
                    ],
                    "ix": 6
                }
            },
            "ao": 0,
            "shapes": [
                {
                    "ty": "gr",
                    "it": [
                        {
                            "d": 1,
                            "ty": "el",
                            "s": {
                                "a": 0,
                                "k": [
                                    261.305,
                                    261.305
                                ],
                                "ix": 2
                            },
                            "p": {
                                "a": 0,
                                "k": [
                                    0,
                                    0
                                ],
                                "ix": 3
                            },
                            "nm": "Ellipse Path 1",
                            "mn": "ADBE Vector Shape - Ellipse",
                            "hd": false
                        },
                        {
                            "ty": "fl",
                            "c": {
                                "a": 0,
                                "k": [
                                    0.9764705882352941,
                                    0.9764705882352941,
                                    0.984313725490196,
                                    1
                                ],
                                "ix": 4
                            },
                            "o": {
                                "a": 0,
                                "k": 100,
                                "ix": 5
                            },
                            "r": 1,
                            "nm": "Fill 1",
                            "mn": "ADBE Vector Graphic - Fill",
                            "hd": false
                        },
                        {
                            "ty": "tr",
                            "p": {
                                "a": 0,
                                "k": [
                                    111.652,
                                    119.652
                                ],
                                "ix": 2
                            },
                            "a": {
                                "a": 0,
                                "k": [
                                    0,
                                    0
                                ],
                                "ix": 1
                            },
                            "s": {
                                "a": 0,
                                "k": [
                                    100,
                                    100
                                ],
                                "ix": 3
                            },
                            "r": {
                                "a": 0,
                                "k": 0,
                                "ix": 6
                            },
                            "o": {
                                "a": 0,
                                "k": 100,
                                "ix": 7
                            },
                            "sk": {
                                "a": 0,
                                "k": 0,
                                "ix": 4
                            },
                            "sa": {
                                "a": 0,
                                "k": 0,
                                "ix": 5
                            },
                            "nm": "Transform"
                        }
                    ],
                    "nm": "Ellipse 1",
                    "np": 3,
                    "cix": 2,
                    "ix": 1,
                    "mn": "ADBE Vector Group",
                    "hd": false
                }
            ],
            "ip": 0,
            "op": 79,
            "st": 0,
            "bm": 0
        }
    ],
    "markers": []
}