{
  "v": "4.8.0",
  "meta": {
    "g": "LottieFiles AE 1.0.0",
    "a": "Bas Milius",
    "k": "Meteocons, Weather icons, Icon set",
    "d": "Overcast night - Meteocons.com",
    "tc": ""
  },
  "fr": 60,
  "ip": 0,
  "op": 360,
  "w": 512,
  "h": 512,
  "nm": "overcast-night",
  "ddd": 0,
  "assets": [],
  "layers": [
    {
      "ddd": 0,
      "ind": 1,
      "ty": 4,
      "nm": "cloud",
      "sr": 1,
      "ks": {
        "o": { "a": 0, "k": 100, "ix": 11 },
        "r": { "a": 0, "k": 0, "ix": 10 },
        "p": {
          "a": 1,
          "k": [
            {
              "i": { "x": 0.833, "y": 0.833 },
              "o": { "x": 0.167, "y": 0.167 },
              "t": 0,
              "s": [238, 256, 0],
              "to": [6, 0, 0],
              "ti": [0, 0, 0]
            },
            {
              "i": { "x": 0.833, "y": 0.833 },
              "o": { "x": 0.167, "y": 0.167 },
              "t": 180,
              "s": [274, 256, 0],
              "to": [0, 0, 0],
              "ti": [6, 0, 0]
            },
            { "t": 359, "s": [238, 256, 0] }
          ],
          "ix": 2
        },
        "a": { "a": 0, "k": [0, 0, 0], "ix": 1 },
        "s": { "a": 0, "k": [100, 100, 100], "ix": 6 }
      },
      "ao": 0,
      "shapes": [
        {
          "ind": 0,
          "ty": "sh",
          "ix": 1,
          "ks": {
            "a": 0,
            "k": {
              "i": [
                [30.928, 0],
                [0.844, -0.038],
                [0, 6.951],
                [46.392, 0],
                [14.803, -23.924],
                [10.461, 0],
                [0, -30.928],
                [-0.484, -2.963],
                [0, -29.306],
                [-33.137, 0],
                [-1.328, 0.088],
                [0, 0],
                [0, 0],
                [0, 30.928]
              ],
              "o": [
                [-0.854, 0],
                [1.592, -6.459],
                [0, -46.392],
                [-30.201, 0],
                [-8.378, -4.994],
                [-30.928, 0],
                [0, 3.1],
                [-27.779, 5.25],
                [0, 33.137],
                [1.351, 0],
                [0, 0],
                [0, 0],
                [30.928, 0],
                [0, -30.928]
              ],
              "v": [
                [116, -4],
                [113.471, -3.873],
                [116, -24],
                [32, -108],
                [-39.404, -68.085],
                [-68, -76],
                [-124, -20],
                [-123.199, -10.917],
                [-172, 48],
                [-112, 108],
                [-108, 107.798],
                [-108, 108],
                [116, 108],
                [172, 52]
              ],
              "c": true
            },
            "ix": 2
          },
          "nm": "cloud-path",
          "mn": "ADBE Vector Shape - Group",
          "hd": false
        },
        {
          "ty": "st",
          "c": { "a": 0, "k": [0.901960790157, 0.937254905701, 0.988235294819, 1], "ix": 3 },
          "o": { "a": 0, "k": 100, "ix": 4 },
          "w": { "a": 0, "k": 6, "ix": 5 },
          "lc": 1,
          "lj": 1,
          "ml": 10,
          "bm": 0,
          "nm": "cloud-stroke",
          "mn": "ADBE Vector Graphic - Stroke",
          "hd": false
        },
        {
          "ty": "gf",
          "o": { "a": 0, "k": 100, "ix": 10 },
          "r": 1,
          "bm": 0,
          "g": {
            "p": 5,
            "k": {
              "a": 0,
              "k": [
                0, 0.953, 0.969, 0.996, 0.225, 0.953, 0.969, 0.996, 0.45, 0.953, 0.969, 0.996,
                0.725, 0.912, 0.943, 0.99, 1, 0.871, 0.918, 0.984
              ],
              "ix": 9
            }
          },
          "s": { "a": 0, "k": [-76, -81], "ix": 5 },
          "e": { "a": 0, "k": [57.186, 149.685], "ix": 6 },
          "t": 1,
          "nm": "cloud-fill",
          "mn": "ADBE Vector Graphic - G-Fill",
          "hd": false
        }
      ],
      "ip": 0,
      "op": 360,
      "st": 0,
      "bm": 0
    },
    {
      "ddd": 0,
      "ind": 2,
      "ty": 4,
      "nm": "dark-cloud",
      "sr": 1,
      "ks": {
        "o": { "a": 0, "k": 100, "ix": 11 },
        "r": { "a": 0, "k": 0, "ix": 10 },
        "p": {
          "a": 1,
          "k": [
            {
              "i": { "x": 0.833, "y": 0.833 },
              "o": { "x": 0.167, "y": 0.167 },
              "t": 0,
              "s": [247, 256, 0],
              "to": [3, 0, 0],
              "ti": [0, 0, 0]
            },
            {
              "i": { "x": 0.833, "y": 0.833 },
              "o": { "x": 0.167, "y": 0.167 },
              "t": 180,
              "s": [265, 256, 0],
              "to": [0, 0, 0],
              "ti": [3, 0, 0]
            },
            { "t": 359, "s": [247, 256, 0] }
          ],
          "ix": 2
        },
        "a": { "a": 0, "k": [0, 0, 0], "ix": 1 },
        "s": { "a": 0, "k": [100, 100, 100], "ix": 6 }
      },
      "ao": 0,
      "shapes": [
        {
          "ind": 0,
          "ty": "sh",
          "ix": 1,
          "ks": {
            "a": 0,
            "k": {
              "i": [
                [0, -17.915],
                [-17.915, 0],
                [0, 0],
                [0, 0],
                [-0.782, 0],
                [0, 19.194],
                [16.091, 3.041],
                [0, 1.796],
                [17.915, 0],
                [4.853, -2.893],
                [17.493, 0],
                [0, -26.872],
                [-0.922, -3.742],
                [0.495, 0]
              ],
              "o": [
                [0, 17.915],
                [0, 0],
                [0, 0],
                [0.769, 0.051],
                [19.194, 0],
                [0, -16.975],
                [0.281, -1.716],
                [0, -17.915],
                [-6.06, 0],
                [-8.575, -13.858],
                [-26.872, 0],
                [0, 4.026],
                [-0.489, -0.022],
                [-17.915, 0]
              ],
              "v": [
                [22.812, 8.562],
                [55.25, 41],
                [185, 41],
                [185, 40.883],
                [187.317, 41],
                [222.071, 6.245],
                [193.804, -27.882],
                [194.268, -33.143],
                [161.83, -65.581],
                [145.266, -60.996],
                [103.906, -84.116],
                [55.25, -35.46],
                [56.715, -23.801],
                [55.25, -23.875]
              ],
              "c": true
            },
            "ix": 2
          },
          "nm": "dark-path",
          "mn": "ADBE Vector Shape - Group",
          "hd": false
        },
        {
          "ty": "st",
          "c": { "a": 0, "k": [0.517647087574, 0.54509806633, 0.596078455448, 1], "ix": 3 },
          "o": { "a": 0, "k": 100, "ix": 4 },
          "w": { "a": 0, "k": 1, "ix": 5 },
          "lc": 1,
          "lj": 1,
          "ml": 10,
          "bm": 0,
          "nm": "dark-stroke",
          "mn": "ADBE Vector Graphic - Stroke",
          "hd": false
        },
        {
          "ty": "gf",
          "o": { "a": 0, "k": 100, "ix": 10 },
          "r": 1,
          "bm": 0,
          "g": {
            "p": 5,
            "k": {
              "a": 0,
              "k": [
                0, 0.612, 0.639, 0.686, 0.225, 0.612, 0.639, 0.686, 0.45, 0.612, 0.639, 0.686,
                0.725, 0.516, 0.543, 0.594, 1, 0.42, 0.447, 0.502
              ],
              "ix": 9
            }
          },
          "s": { "a": 0, "k": [75, -75], "ix": 5 },
          "e": { "a": 0, "k": [155.624, 64.645], "ix": 6 },
          "t": 1,
          "nm": "dark-fill",
          "mn": "ADBE Vector Graphic - G-Fill",
          "hd": false
        }
      ],
      "ip": 0,
      "op": 360,
      "st": 0,
      "bm": 0
    },
    {
      "ddd": 0,
      "ind": 3,
      "ty": 4,
      "nm": "moon",
      "sr": 1,
      "ks": {
        "o": { "a": 0, "k": 100, "ix": 11 },
        "r": {
          "a": 1,
          "k": [
            {
              "i": { "x": [0.833], "y": [0.833] },
              "o": { "x": [0.167], "y": [0.167] },
              "t": 0,
              "s": [-15]
            },
            {
              "i": { "x": [0.833], "y": [0.833] },
              "o": { "x": [0.167], "y": [0.167] },
              "t": 180,
              "s": [9]
            },
            { "t": 359, "s": [-15] }
          ],
          "ix": 10
        },
        "p": { "a": 0, "k": [164, 192, 0], "ix": 2 },
        "a": { "a": 0, "k": [0, 0, 0], "ix": 1 },
        "s": { "a": 0, "k": [100, 100, 100], "ix": 6 }
      },
      "ao": 0,
      "shapes": [
        {
          "ind": 0,
          "ty": "sh",
          "ix": 1,
          "ks": {
            "a": 0,
            "k": {
              "i": [
                [3.175, 0],
                [0, 46.539],
                [-1.775, 6.766],
                [0, -43.407],
                [-47.17, 0],
                [-9.519, 36.29]
              ],
              "o": [
                [-47.17, 0],
                [0, -7.313],
                [-42.75, 4.614],
                [0, 46.539],
                [39.758, 0],
                [-3.085, 0.333]
              ],
              "v": [
                [74.616, 21.402],
                [-10.793, -62.865],
                [-7.975, -84],
                [-84, -0.267],
                [1.409, 84],
                [84, 20.869]
              ],
              "c": true
            },
            "ix": 2
          },
          "nm": "Path 1",
          "mn": "ADBE Vector Shape - Group",
          "hd": false
        },
        {
          "ty": "st",
          "c": { "a": 0, "k": [0.447058826685, 0.72549021244, 0.835294127464, 1], "ix": 3 },
          "o": { "a": 0, "k": 100, "ix": 4 },
          "w": { "a": 0, "k": 4, "ix": 5 },
          "lc": 2,
          "lj": 2,
          "bm": 0,
          "nm": "Stroke 1",
          "mn": "ADBE Vector Graphic - Stroke",
          "hd": false
        },
        {
          "ty": "gf",
          "o": { "a": 0, "k": 100, "ix": 10 },
          "r": 1,
          "bm": 0,
          "g": {
            "p": 5,
            "k": {
              "a": 0,
              "k": [
                0, 0.525, 0.765, 0.859, 0.225, 0.525, 0.765, 0.859, 0.45, 0.525, 0.765, 0.859,
                0.725, 0.447, 0.725, 0.835, 1, 0.369, 0.686, 0.812
              ],
              "ix": 9
            }
          },
          "s": { "a": 0, "k": [-52, -68], "ix": 5 },
          "e": { "a": 0, "k": [32.541, 78.429], "ix": 6 },
          "t": 1,
          "nm": "Gradient Fill 1",
          "mn": "ADBE Vector Graphic - G-Fill",
          "hd": false
        }
      ],
      "ip": 0,
      "op": 360,
      "st": 0,
      "bm": 0
    }
  ],
  "markers": []
}
