{
  "v": "4.8.0",
  "meta": {
    "g": "LottieFiles AE 1.0.0",
    "a": "Bas Milius",
    "k": "Meteocons, Weather icons, Icon set",
    "d": "Thunderstorms rain - Meteocons.com",
    "tc": ""
  },
  "fr": 60,
  "ip": 0,
  "op": 360,
  "w": 512,
  "h": 512,
  "nm": "thunderstorms-rain",
  "ddd": 0,
  "assets": [],
  "layers": [
    {
      "ddd": 0,
      "ind": 1,
      "ty": 4,
      "nm": "lightning-bolt",
      "sr": 1,
      "ks": {
        "o": {
          "a": 1,
          "k": [
            {
              "i": { "x": [0.833], "y": [0.833] },
              "o": { "x": [0.167], "y": [0.167] },
              "t": 0,
              "s": [100]
            },
            {
              "i": { "x": [0.833], "y": [0.833] },
              "o": { "x": [0.167], "y": [0.167] },
              "t": 30,
              "s": [100]
            },
            {
              "i": { "x": [0.833], "y": [0.833] },
              "o": { "x": [0.167], "y": [0.167] },
              "t": 40,
              "s": [0]
            },
            {
              "i": { "x": [0.833], "y": [0.833] },
              "o": { "x": [0.167], "y": [0.167] },
              "t": 50,
              "s": [100]
            },
            {
              "i": { "x": [0.833], "y": [0.833] },
              "o": { "x": [0.167], "y": [0.167] },
              "t": 60,
              "s": [0]
            },
            {
              "i": { "x": [0.833], "y": [0.833] },
              "o": { "x": [0.167], "y": [0.167] },
              "t": 70,
              "s": [100]
            },
            {
              "i": { "x": [0.833], "y": [0.833] },
              "o": { "x": [0.167], "y": [0.167] },
              "t": 75,
              "s": [0]
            },
            {
              "i": { "x": [0.833], "y": [0.833] },
              "o": { "x": [0.167], "y": [0.167] },
              "t": 80,
              "s": [100]
            },
            {
              "i": { "x": [0.833], "y": [0.833] },
              "o": { "x": [0.167], "y": [0.167] },
              "t": 120,
              "s": [100]
            },
            {
              "i": { "x": [0.833], "y": [0.833] },
              "o": { "x": [0.167], "y": [0.167] },
              "t": 150,
              "s": [100]
            },
            {
              "i": { "x": [0.833], "y": [0.833] },
              "o": { "x": [0.167], "y": [0.167] },
              "t": 160,
              "s": [0]
            },
            {
              "i": { "x": [0.833], "y": [0.833] },
              "o": { "x": [0.167], "y": [0.167] },
              "t": 170,
              "s": [100]
            },
            {
              "i": { "x": [0.833], "y": [0.833] },
              "o": { "x": [0.167], "y": [0.167] },
              "t": 180,
              "s": [0]
            },
            {
              "i": { "x": [0.833], "y": [0.833] },
              "o": { "x": [0.167], "y": [0.167] },
              "t": 190,
              "s": [100]
            },
            {
              "i": { "x": [0.833], "y": [0.833] },
              "o": { "x": [0.167], "y": [0.167] },
              "t": 195,
              "s": [0]
            },
            {
              "i": { "x": [0.833], "y": [0.833] },
              "o": { "x": [0.167], "y": [0.167] },
              "t": 200,
              "s": [100]
            },
            {
              "i": { "x": [0.833], "y": [0.833] },
              "o": { "x": [0.167], "y": [0.167] },
              "t": 240,
              "s": [100]
            },
            {
              "i": { "x": [0.833], "y": [0.833] },
              "o": { "x": [0.167], "y": [0.167] },
              "t": 270,
              "s": [100]
            },
            {
              "i": { "x": [0.833], "y": [0.833] },
              "o": { "x": [0.167], "y": [0.167] },
              "t": 280,
              "s": [0]
            },
            {
              "i": { "x": [0.833], "y": [0.833] },
              "o": { "x": [0.167], "y": [0.167] },
              "t": 290,
              "s": [100]
            },
            {
              "i": { "x": [0.833], "y": [0.833] },
              "o": { "x": [0.167], "y": [0.167] },
              "t": 300,
              "s": [0]
            },
            {
              "i": { "x": [0.833], "y": [0.833] },
              "o": { "x": [0.167], "y": [0.167] },
              "t": 310,
              "s": [100]
            },
            {
              "i": { "x": [0.833], "y": [0.833] },
              "o": { "x": [0.167], "y": [0.167] },
              "t": 315,
              "s": [0]
            },
            { "t": 320, "s": [100] }
          ],
          "ix": 11
        },
        "r": { "a": 0, "k": 0, "ix": 10 },
        "p": { "a": 0, "k": [256.556, 381.372, 0], "ix": 2 },
        "a": { "a": 0, "k": [0, 0, 0], "ix": 1 },
        "s": { "a": 0, "k": [100, 100, 100], "ix": 6 }
      },
      "ao": 0,
      "shapes": [
        {
          "ty": "gr",
          "it": [
            {
              "ind": 0,
              "ty": "sh",
              "ix": 1,
              "ks": {
                "a": 0,
                "k": {
                  "i": [
                    [0, 0],
                    [0, 0],
                    [0, 0],
                    [0, 0],
                    [0, 0],
                    [0, 0],
                    [0, 0]
                  ],
                  "o": [
                    [0, 0],
                    [0, 0],
                    [0, 0],
                    [0, 0],
                    [0, 0],
                    [0, 0],
                    [0, 0]
                  ],
                  "v": [
                    [-16, -88],
                    [-48, 8],
                    [-16, 8],
                    [-32, 88],
                    [48, -24],
                    [0, -24],
                    [32, -88]
                  ],
                  "c": true
                },
                "ix": 2
              },
              "nm": "Path 1",
              "mn": "ADBE Vector Shape - Group",
              "hd": false
            },
            {
              "ty": "st",
              "c": { "a": 0, "k": [0.964705884457, 0.658823549747, 0.137254908681, 1], "ix": 3 },
              "o": { "a": 0, "k": 100, "ix": 4 },
              "w": { "a": 0, "k": 4, "ix": 5 },
              "lc": 1,
              "lj": 1,
              "ml": 10,
              "bm": 0,
              "nm": "Stroke 1",
              "mn": "ADBE Vector Graphic - Stroke",
              "hd": false
            },
            {
              "ty": "gf",
              "o": { "a": 0, "k": 100, "ix": 10 },
              "r": 1,
              "bm": 0,
              "g": {
                "p": 5,
                "k": {
                  "a": 0,
                  "k": [
                    0, 0.969, 0.698, 0.231, 0.225, 0.969, 0.698, 0.231, 0.45, 0.969, 0.698, 0.231,
                    0.725, 0.965, 0.659, 0.137, 1, 0.961, 0.62, 0.043
                  ],
                  "ix": 9
                }
              },
              "s": { "a": 0, "k": [-42.556, -73.372], "ix": 5 },
              "e": { "a": 0, "k": [29.654, 51.699], "ix": 6 },
              "t": 1,
              "nm": "Gradient Fill 1",
              "mn": "ADBE Vector Graphic - G-Fill",
              "hd": false
            },
            {
              "ty": "tr",
              "p": { "a": 0, "k": [0, 0], "ix": 2 },
              "a": { "a": 0, "k": [0, 0], "ix": 1 },
              "s": { "a": 0, "k": [100, 100], "ix": 3 },
              "r": { "a": 0, "k": 0, "ix": 6 },
              "o": { "a": 0, "k": 100, "ix": 7 },
              "sk": { "a": 0, "k": 0, "ix": 4 },
              "sa": { "a": 0, "k": 0, "ix": 5 },
              "nm": "Transform"
            }
          ],
          "nm": "Group 1",
          "np": 3,
          "cix": 2,
          "bm": 0,
          "ix": 1,
          "mn": "ADBE Vector Group",
          "hd": false
        }
      ],
      "ip": 0,
      "op": 360,
      "st": 0,
      "bm": 0
    },
    {
      "ddd": 0,
      "ind": 2,
      "ty": 4,
      "nm": "raindrops",
      "sr": 1,
      "ks": {
        "o": { "a": 0, "k": 100, "ix": 11 },
        "r": { "a": 0, "k": 0, "ix": 10 },
        "p": { "a": 0, "k": [256, 363.625, 0], "ix": 2 },
        "a": { "a": 0, "k": [256, 363.625, 0], "ix": 1 },
        "s": { "a": 0, "k": [100, 100, 100], "ix": 6 }
      },
      "ao": 0,
      "shapes": [
        {
          "ty": "gr",
          "it": [
            {
              "ind": 0,
              "ty": "sh",
              "ix": 1,
              "ks": {
                "a": 0,
                "k": {
                  "i": [
                    [4.418, 0],
                    [0, 4.422],
                    [0, 0],
                    [-4.418, 0],
                    [0, -4.422],
                    [0, 0]
                  ],
                  "o": [
                    [-4.418, 0],
                    [0, 0],
                    [0, -4.422],
                    [4.418, 0],
                    [0, 0],
                    [0, 4.422]
                  ],
                  "v": [
                    [0, 28],
                    [-8, 20],
                    [-8, -20],
                    [0, -28],
                    [8, -20],
                    [8, 20]
                  ],
                  "c": true
                },
                "ix": 2
              },
              "nm": "Path 1",
              "mn": "ADBE Vector Shape - Group",
              "hd": false
            },
            {
              "ty": "st",
              "c": { "a": 0, "k": [0.039215687662, 0.352941185236, 0.831372559071, 1], "ix": 3 },
              "o": { "a": 0, "k": 100, "ix": 4 },
              "w": { "a": 0, "k": 1, "ix": 5 },
              "lc": 1,
              "lj": 1,
              "ml": 10,
              "bm": 0,
              "nm": "Stroke 1",
              "mn": "ADBE Vector Graphic - Stroke",
              "hd": false
            },
            {
              "ty": "gf",
              "o": { "a": 0, "k": 100, "ix": 10 },
              "r": 1,
              "bm": 0,
              "g": {
                "p": 5,
                "k": {
                  "a": 0,
                  "k": [
                    0, 0.043, 0.396, 0.929, 0.225, 0.041, 0.375, 0.88, 0.45, 0.039, 0.353, 0.831,
                    0.725, 0.037, 0.333, 0.784, 1, 0.035, 0.314, 0.737
                  ],
                  "ix": 9
                }
              },
              "s": { "a": 0, "k": [502.651, -978.172], "ix": 5 },
              "e": { "a": 0, "k": [527.973, -934.312], "ix": 6 },
              "t": 1,
              "nm": "Gradient Fill 1",
              "mn": "ADBE Vector Graphic - G-Fill",
              "hd": false
            },
            {
              "ty": "tr",
              "p": {
                "a": 1,
                "k": [
                  {
                    "i": { "x": 0.833, "y": 0.833 },
                    "o": { "x": 0.167, "y": 0.167 },
                    "t": 20,
                    "s": [312, 330],
                    "to": [0, 20],
                    "ti": [0, 0]
                  },
                  {
                    "i": { "x": 0.833, "y": 0.833 },
                    "o": { "x": 0.167, "y": 0.167 },
                    "t": 60,
                    "s": [312, 450],
                    "to": [0, 0],
                    "ti": [0, 0]
                  },
                  {
                    "i": { "x": 0.833, "y": 0.833 },
                    "o": { "x": 0.167, "y": 0.167 },
                    "t": 80,
                    "s": [312, 330],
                    "to": [0, 0],
                    "ti": [0, 0]
                  },
                  {
                    "i": { "x": 0.833, "y": 0.833 },
                    "o": { "x": 0.167, "y": 0.167 },
                    "t": 120,
                    "s": [312, 450],
                    "to": [0, 0],
                    "ti": [0, 0]
                  },
                  {
                    "i": { "x": 0.833, "y": 0.833 },
                    "o": { "x": 0.167, "y": 0.167 },
                    "t": 140,
                    "s": [312, 330],
                    "to": [0, 0],
                    "ti": [0, 0]
                  },
                  {
                    "i": { "x": 0.833, "y": 0.833 },
                    "o": { "x": 0.167, "y": 0.167 },
                    "t": 180,
                    "s": [312, 450],
                    "to": [0, 0],
                    "ti": [0, 0]
                  },
                  {
                    "i": { "x": 0.833, "y": 0.833 },
                    "o": { "x": 0.167, "y": 0.167 },
                    "t": 200,
                    "s": [312, 330],
                    "to": [0, 0],
                    "ti": [0, 0]
                  },
                  {
                    "i": { "x": 0.833, "y": 0.833 },
                    "o": { "x": 0.167, "y": 0.167 },
                    "t": 240,
                    "s": [312, 450],
                    "to": [0, 0],
                    "ti": [0, 0]
                  },
                  {
                    "i": { "x": 0.833, "y": 0.833 },
                    "o": { "x": 0.167, "y": 0.167 },
                    "t": 260,
                    "s": [312, 330],
                    "to": [0, 0],
                    "ti": [0, 0]
                  },
                  {
                    "i": { "x": 0.833, "y": 0.833 },
                    "o": { "x": 0.167, "y": 0.167 },
                    "t": 300,
                    "s": [312, 450],
                    "to": [0, 0],
                    "ti": [0, 0]
                  },
                  {
                    "i": { "x": 0.833, "y": 0.833 },
                    "o": { "x": 0.167, "y": 0.167 },
                    "t": 320,
                    "s": [312, 330],
                    "to": [0, 0],
                    "ti": [0, -20]
                  },
                  { "t": 360, "s": [312, 450] }
                ],
                "ix": 2
              },
              "a": { "a": 0, "k": [0, 0], "ix": 1 },
              "s": { "a": 0, "k": [100, 100], "ix": 3 },
              "r": { "a": 0, "k": 0, "ix": 6 },
              "o": {
                "a": 1,
                "k": [
                  {
                    "i": { "x": [0.833], "y": [0.833] },
                    "o": { "x": [0.167], "y": [0.167] },
                    "t": 20,
                    "s": [0]
                  },
                  {
                    "i": { "x": [0.833], "y": [0.833] },
                    "o": { "x": [0.167], "y": [0.167] },
                    "t": 27,
                    "s": [100]
                  },
                  {
                    "i": { "x": [0.833], "y": [0.833] },
                    "o": { "x": [0.167], "y": [0.167] },
                    "t": 53,
                    "s": [100]
                  },
                  {
                    "i": { "x": [0.833], "y": [0.833] },
                    "o": { "x": [0.167], "y": [0.167] },
                    "t": 60,
                    "s": [0]
                  },
                  {
                    "i": { "x": [0.833], "y": [0.833] },
                    "o": { "x": [0.167], "y": [0.167] },
                    "t": 80,
                    "s": [0]
                  },
                  {
                    "i": { "x": [0.833], "y": [0.833] },
                    "o": { "x": [0.167], "y": [0.167] },
                    "t": 87,
                    "s": [100]
                  },
                  {
                    "i": { "x": [0.833], "y": [0.833] },
                    "o": { "x": [0.167], "y": [0.167] },
                    "t": 113,
                    "s": [100]
                  },
                  {
                    "i": { "x": [0.833], "y": [0.833] },
                    "o": { "x": [0.167], "y": [0.167] },
                    "t": 120,
                    "s": [0]
                  },
                  {
                    "i": { "x": [0.833], "y": [0.833] },
                    "o": { "x": [0.167], "y": [0.167] },
                    "t": 140,
                    "s": [0]
                  },
                  {
                    "i": { "x": [0.833], "y": [0.833] },
                    "o": { "x": [0.167], "y": [0.167] },
                    "t": 147,
                    "s": [100]
                  },
                  {
                    "i": { "x": [0.833], "y": [0.833] },
                    "o": { "x": [0.167], "y": [0.167] },
                    "t": 173,
                    "s": [100]
                  },
                  {
                    "i": { "x": [0.833], "y": [0.833] },
                    "o": { "x": [0.167], "y": [0.167] },
                    "t": 180,
                    "s": [0]
                  },
                  {
                    "i": { "x": [0.833], "y": [0.833] },
                    "o": { "x": [0.167], "y": [0.167] },
                    "t": 200,
                    "s": [0]
                  },
                  {
                    "i": { "x": [0.833], "y": [0.833] },
                    "o": { "x": [0.167], "y": [0.167] },
                    "t": 207,
                    "s": [100]
                  },
                  {
                    "i": { "x": [0.833], "y": [0.833] },
                    "o": { "x": [0.167], "y": [0.167] },
                    "t": 233,
                    "s": [100]
                  },
                  {
                    "i": { "x": [0.833], "y": [0.833] },
                    "o": { "x": [0.167], "y": [0.167] },
                    "t": 240,
                    "s": [0]
                  },
                  {
                    "i": { "x": [0.833], "y": [0.833] },
                    "o": { "x": [0.167], "y": [0.167] },
                    "t": 260,
                    "s": [0]
                  },
                  {
                    "i": { "x": [0.833], "y": [0.833] },
                    "o": { "x": [0.167], "y": [0.167] },
                    "t": 267,
                    "s": [100]
                  },
                  {
                    "i": { "x": [0.833], "y": [0.833] },
                    "o": { "x": [0.167], "y": [0.167] },
                    "t": 293,
                    "s": [100]
                  },
                  {
                    "i": { "x": [0.833], "y": [0.833] },
                    "o": { "x": [0.167], "y": [0.167] },
                    "t": 300,
                    "s": [0]
                  },
                  {
                    "i": { "x": [0.833], "y": [0.833] },
                    "o": { "x": [0.167], "y": [0.167] },
                    "t": 320,
                    "s": [0]
                  },
                  {
                    "i": { "x": [0.833], "y": [0.833] },
                    "o": { "x": [0.167], "y": [0.167] },
                    "t": 327,
                    "s": [100]
                  },
                  {
                    "i": { "x": [0.833], "y": [0.833] },
                    "o": { "x": [0.167], "y": [0.167] },
                    "t": 353,
                    "s": [100]
                  },
                  { "t": 360, "s": [0] }
                ],
                "ix": 7
              },
              "sk": { "a": 0, "k": 0, "ix": 4 },
              "sa": { "a": 0, "k": 0, "ix": 5 },
              "nm": "Transform"
            }
          ],
          "nm": "raindrop-3",
          "np": 3,
          "cix": 2,
          "bm": 0,
          "ix": 1,
          "mn": "ADBE Vector Group",
          "hd": false
        },
        {
          "ty": "gr",
          "it": [
            {
              "ind": 0,
              "ty": "sh",
              "ix": 1,
              "ks": {
                "a": 0,
                "k": {
                  "i": [
                    [4.418, 0],
                    [0, 4.422],
                    [0, 0],
                    [-4.418, 0],
                    [0, -4.422],
                    [0, 0]
                  ],
                  "o": [
                    [-4.418, 0],
                    [0, 0],
                    [0, -4.422],
                    [4.418, 0],
                    [0, 0],
                    [0, 4.422]
                  ],
                  "v": [
                    [0, 28],
                    [-8, 20],
                    [-8, -20],
                    [0, -28],
                    [8, -20],
                    [8, 20]
                  ],
                  "c": true
                },
                "ix": 2
              },
              "nm": "Path 1",
              "mn": "ADBE Vector Shape - Group",
              "hd": false
            },
            {
              "ty": "st",
              "c": { "a": 0, "k": [0.039215687662, 0.352941185236, 0.831372559071, 1], "ix": 3 },
              "o": { "a": 0, "k": 100, "ix": 4 },
              "w": { "a": 0, "k": 1, "ix": 5 },
              "lc": 1,
              "lj": 1,
              "ml": 10,
              "bm": 0,
              "nm": "Stroke 1",
              "mn": "ADBE Vector Graphic - Stroke",
              "hd": false
            },
            {
              "ty": "gf",
              "o": { "a": 0, "k": 100, "ix": 10 },
              "r": 1,
              "bm": 0,
              "g": {
                "p": 5,
                "k": {
                  "a": 0,
                  "k": [
                    0, 0.043, 0.396, 0.929, 0.225, 0.041, 0.375, 0.88, 0.45, 0.039, 0.353, 0.831,
                    0.725, 0.037, 0.333, 0.784, 1, 0.035, 0.314, 0.737
                  ],
                  "ix": 9
                }
              },
              "s": { "a": 0, "k": [502.388, -986.229], "ix": 5 },
              "e": { "a": 0, "k": [527.71, -942.37], "ix": 6 },
              "t": 1,
              "nm": "Gradient Fill 1",
              "mn": "ADBE Vector Graphic - G-Fill",
              "hd": false
            },
            {
              "ty": "tr",
              "p": {
                "a": 1,
                "k": [
                  {
                    "i": { "x": 0.833, "y": 0.833 },
                    "o": { "x": 0.167, "y": 0.167 },
                    "t": -20,
                    "s": [256, 330],
                    "to": [0, 4.369],
                    "ti": [0, -27.774]
                  },
                  {
                    "i": { "x": 0.833, "y": 0.833 },
                    "o": { "x": 0.167, "y": 0.167 },
                    "t": 0,
                    "s": [256, 390],
                    "to": [0, 30.049],
                    "ti": [0, 0]
                  },
                  {
                    "i": { "x": 0.833, "y": 0.833 },
                    "o": { "x": 0.167, "y": 0.167 },
                    "t": 20,
                    "s": [256, 450],
                    "to": [0, 0],
                    "ti": [0, 0]
                  },
                  {
                    "i": { "x": 0.833, "y": 0.833 },
                    "o": { "x": 0.167, "y": 0.167 },
                    "t": 40,
                    "s": [256, 330],
                    "to": [0, 0],
                    "ti": [0, 0]
                  },
                  {
                    "i": { "x": 0.833, "y": 0.833 },
                    "o": { "x": 0.167, "y": 0.167 },
                    "t": 80,
                    "s": [256, 450],
                    "to": [0, 0],
                    "ti": [0, 0]
                  },
                  {
                    "i": { "x": 0.833, "y": 0.833 },
                    "o": { "x": 0.167, "y": 0.167 },
                    "t": 100,
                    "s": [256, 330],
                    "to": [0, 0],
                    "ti": [0, 0]
                  },
                  {
                    "i": { "x": 0.833, "y": 0.833 },
                    "o": { "x": 0.167, "y": 0.167 },
                    "t": 140,
                    "s": [256, 450],
                    "to": [0, 0],
                    "ti": [0, 0]
                  },
                  {
                    "i": { "x": 0.833, "y": 0.833 },
                    "o": { "x": 0.167, "y": 0.167 },
                    "t": 160,
                    "s": [256, 330],
                    "to": [0, 0],
                    "ti": [0, 0]
                  },
                  {
                    "i": { "x": 0.833, "y": 0.833 },
                    "o": { "x": 0.167, "y": 0.167 },
                    "t": 200,
                    "s": [256, 450],
                    "to": [0, 0],
                    "ti": [0, 0]
                  },
                  {
                    "i": { "x": 0.833, "y": 0.833 },
                    "o": { "x": 0.167, "y": 0.167 },
                    "t": 220,
                    "s": [256, 330],
                    "to": [0, 0],
                    "ti": [0, 0]
                  },
                  {
                    "i": { "x": 0.833, "y": 0.833 },
                    "o": { "x": 0.167, "y": 0.167 },
                    "t": 260,
                    "s": [256, 450],
                    "to": [0, 0],
                    "ti": [0, 0]
                  },
                  {
                    "i": { "x": 0.833, "y": 0.833 },
                    "o": { "x": 0.167, "y": 0.167 },
                    "t": 280,
                    "s": [256, 330],
                    "to": [0, 0],
                    "ti": [0, 0]
                  },
                  {
                    "i": { "x": 0.833, "y": 0.833 },
                    "o": { "x": 0.167, "y": 0.167 },
                    "t": 320,
                    "s": [256, 450],
                    "to": [0, 0],
                    "ti": [0, 0]
                  },
                  {
                    "i": { "x": 0.833, "y": 0.833 },
                    "o": { "x": 0.167, "y": 0.167 },
                    "t": 340,
                    "s": [256, 330],
                    "to": [0, 0],
                    "ti": [0, -29.21]
                  },
                  {
                    "i": { "x": 0.833, "y": 0.833 },
                    "o": { "x": 0.167, "y": 0.167 },
                    "t": 359,
                    "s": [256, 387.001],
                    "to": [0, 26.2],
                    "ti": [0, -9.457]
                  },
                  { "t": 380, "s": [256, 450] }
                ],
                "ix": 2
              },
              "a": { "a": 0, "k": [0, 0], "ix": 1 },
              "s": { "a": 0, "k": [100, 100], "ix": 3 },
              "r": { "a": 0, "k": 0, "ix": 6 },
              "o": {
                "a": 1,
                "k": [
                  {
                    "i": { "x": [0.833], "y": [0.833] },
                    "o": { "x": [0.167], "y": [0.167] },
                    "t": -20,
                    "s": [0]
                  },
                  {
                    "i": { "x": [0.833], "y": [0.833] },
                    "o": { "x": [0.167], "y": [0.167] },
                    "t": -14,
                    "s": [100]
                  },
                  {
                    "i": { "x": [0.833], "y": [0.833] },
                    "o": { "x": [0.167], "y": [0.167] },
                    "t": 0,
                    "s": [100]
                  },
                  {
                    "i": { "x": [0.833], "y": [0.833] },
                    "o": { "x": [0.167], "y": [0.167] },
                    "t": 13,
                    "s": [100]
                  },
                  {
                    "i": { "x": [0.833], "y": [0.833] },
                    "o": { "x": [0.167], "y": [0.167] },
                    "t": 20,
                    "s": [0]
                  },
                  {
                    "i": { "x": [0.833], "y": [0.833] },
                    "o": { "x": [0.167], "y": [0.167] },
                    "t": 40,
                    "s": [0]
                  },
                  {
                    "i": { "x": [0.833], "y": [0.833] },
                    "o": { "x": [0.167], "y": [0.167] },
                    "t": 47,
                    "s": [100]
                  },
                  {
                    "i": { "x": [0.833], "y": [0.833] },
                    "o": { "x": [0.167], "y": [0.167] },
                    "t": 73,
                    "s": [100]
                  },
                  {
                    "i": { "x": [0.833], "y": [0.833] },
                    "o": { "x": [0.167], "y": [0.167] },
                    "t": 80,
                    "s": [0]
                  },
                  {
                    "i": { "x": [0.833], "y": [0.833] },
                    "o": { "x": [0.167], "y": [0.167] },
                    "t": 100,
                    "s": [0]
                  },
                  {
                    "i": { "x": [0.833], "y": [0.833] },
                    "o": { "x": [0.167], "y": [0.167] },
                    "t": 107,
                    "s": [100]
                  },
                  {
                    "i": { "x": [0.833], "y": [0.833] },
                    "o": { "x": [0.167], "y": [0.167] },
                    "t": 133,
                    "s": [100]
                  },
                  {
                    "i": { "x": [0.833], "y": [0.833] },
                    "o": { "x": [0.167], "y": [0.167] },
                    "t": 140,
                    "s": [0]
                  },
                  {
                    "i": { "x": [0.833], "y": [0.833] },
                    "o": { "x": [0.167], "y": [0.167] },
                    "t": 160,
                    "s": [0]
                  },
                  {
                    "i": { "x": [0.833], "y": [0.833] },
                    "o": { "x": [0.167], "y": [0.167] },
                    "t": 167,
                    "s": [100]
                  },
                  {
                    "i": { "x": [0.833], "y": [0.833] },
                    "o": { "x": [0.167], "y": [0.167] },
                    "t": 193,
                    "s": [100]
                  },
                  {
                    "i": { "x": [0.833], "y": [0.833] },
                    "o": { "x": [0.167], "y": [0.167] },
                    "t": 200,
                    "s": [0]
                  },
                  {
                    "i": { "x": [0.833], "y": [0.833] },
                    "o": { "x": [0.167], "y": [0.167] },
                    "t": 220,
                    "s": [0]
                  },
                  {
                    "i": { "x": [0.833], "y": [0.833] },
                    "o": { "x": [0.167], "y": [0.167] },
                    "t": 227,
                    "s": [100]
                  },
                  {
                    "i": { "x": [0.833], "y": [0.833] },
                    "o": { "x": [0.167], "y": [0.167] },
                    "t": 253,
                    "s": [100]
                  },
                  {
                    "i": { "x": [0.833], "y": [0.833] },
                    "o": { "x": [0.167], "y": [0.167] },
                    "t": 260,
                    "s": [0]
                  },
                  {
                    "i": { "x": [0.833], "y": [0.833] },
                    "o": { "x": [0.167], "y": [0.167] },
                    "t": 280,
                    "s": [0]
                  },
                  {
                    "i": { "x": [0.833], "y": [0.833] },
                    "o": { "x": [0.167], "y": [0.167] },
                    "t": 287,
                    "s": [100]
                  },
                  {
                    "i": { "x": [0.833], "y": [0.833] },
                    "o": { "x": [0.167], "y": [0.167] },
                    "t": 313,
                    "s": [100]
                  },
                  {
                    "i": { "x": [0.833], "y": [0.833] },
                    "o": { "x": [0.167], "y": [0.167] },
                    "t": 320,
                    "s": [0]
                  },
                  {
                    "i": { "x": [0.833], "y": [0.833] },
                    "o": { "x": [0.167], "y": [0.167] },
                    "t": 340,
                    "s": [0]
                  },
                  {
                    "i": { "x": [0.833], "y": [0.833] },
                    "o": { "x": [0.167], "y": [0.167] },
                    "t": 347,
                    "s": [100]
                  },
                  {
                    "i": { "x": [0.833], "y": [0.833] },
                    "o": { "x": [0.167], "y": [0.167] },
                    "t": 359,
                    "s": [100]
                  },
                  {
                    "i": { "x": [0.833], "y": [0.833] },
                    "o": { "x": [0.167], "y": [0.167] },
                    "t": 374,
                    "s": [100]
                  },
                  { "t": 380, "s": [0] }
                ],
                "ix": 7
              },
              "sk": { "a": 0, "k": 0, "ix": 4 },
              "sa": { "a": 0, "k": 0, "ix": 5 },
              "nm": "Transform"
            }
          ],
          "nm": "raindrop-2",
          "np": 3,
          "cix": 2,
          "bm": 0,
          "ix": 2,
          "mn": "ADBE Vector Group",
          "hd": false
        },
        {
          "ty": "gr",
          "it": [
            {
              "ind": 0,
              "ty": "sh",
              "ix": 1,
              "ks": {
                "a": 0,
                "k": {
                  "i": [
                    [4.418, 0],
                    [0, 4.422],
                    [0, 0],
                    [-4.418, 0],
                    [0, -4.422],
                    [0, 0]
                  ],
                  "o": [
                    [-4.418, 0],
                    [0, 0],
                    [0, -4.422],
                    [4.418, 0],
                    [0, 0],
                    [0, 4.422]
                  ],
                  "v": [
                    [0, 28],
                    [-8, 20],
                    [-8, -20],
                    [0, -28],
                    [8, -20],
                    [8, 20]
                  ],
                  "c": true
                },
                "ix": 2
              },
              "nm": "Path 1",
              "mn": "ADBE Vector Shape - Group",
              "hd": false
            },
            {
              "ty": "st",
              "c": { "a": 0, "k": [0.039215687662, 0.352941185236, 0.831372559071, 1], "ix": 3 },
              "o": { "a": 0, "k": 100, "ix": 4 },
              "w": { "a": 0, "k": 1, "ix": 5 },
              "lc": 1,
              "lj": 1,
              "ml": 10,
              "bm": 0,
              "nm": "Stroke 1",
              "mn": "ADBE Vector Graphic - Stroke",
              "hd": false
            },
            {
              "ty": "gf",
              "o": { "a": 0, "k": 100, "ix": 10 },
              "r": 1,
              "bm": 0,
              "g": {
                "p": 5,
                "k": {
                  "a": 0,
                  "k": [
                    0, 0.043, 0.396, 0.929, 0.225, 0.041, 0.375, 0.88, 0.45, 0.039, 0.353, 0.831,
                    0.725, 0.037, 0.333, 0.784, 1, 0.035, 0.314, 0.737
                  ],
                  "ix": 9
                }
              },
              "s": { "a": 0, "k": [502.28, -993.3], "ix": 5 },
              "e": { "a": 0, "k": [527.602, -949.44], "ix": 6 },
              "t": 1,
              "nm": "Gradient Fill 1",
              "mn": "ADBE Vector Graphic - G-Fill",
              "hd": false
            },
            {
              "ty": "tr",
              "p": {
                "a": 1,
                "k": [
                  {
                    "i": { "x": 0.833, "y": 0.833 },
                    "o": { "x": 0.167, "y": 0.167 },
                    "t": 0,
                    "s": [200, 330],
                    "to": [0, 20],
                    "ti": [0, 0]
                  },
                  {
                    "i": { "x": 0.833, "y": 0.833 },
                    "o": { "x": 0.167, "y": 0.167 },
                    "t": 40,
                    "s": [200, 450],
                    "to": [0, 0],
                    "ti": [0, 0]
                  },
                  {
                    "i": { "x": 0.833, "y": 0.833 },
                    "o": { "x": 0.167, "y": 0.167 },
                    "t": 60,
                    "s": [200, 330],
                    "to": [0, 0],
                    "ti": [0, 0]
                  },
                  {
                    "i": { "x": 0.833, "y": 0.833 },
                    "o": { "x": 0.167, "y": 0.167 },
                    "t": 100,
                    "s": [200, 450],
                    "to": [0, 0],
                    "ti": [0, 0]
                  },
                  {
                    "i": { "x": 0.833, "y": 0.833 },
                    "o": { "x": 0.167, "y": 0.167 },
                    "t": 120,
                    "s": [200, 330],
                    "to": [0, 0],
                    "ti": [0, 0]
                  },
                  {
                    "i": { "x": 0.833, "y": 0.833 },
                    "o": { "x": 0.167, "y": 0.167 },
                    "t": 160,
                    "s": [200, 450],
                    "to": [0, 0],
                    "ti": [0, 0]
                  },
                  {
                    "i": { "x": 0.833, "y": 0.833 },
                    "o": { "x": 0.167, "y": 0.167 },
                    "t": 180,
                    "s": [200, 330],
                    "to": [0, 0],
                    "ti": [0, 0]
                  },
                  {
                    "i": { "x": 0.833, "y": 0.833 },
                    "o": { "x": 0.167, "y": 0.167 },
                    "t": 220,
                    "s": [200, 450],
                    "to": [0, 0],
                    "ti": [0, 0]
                  },
                  {
                    "i": { "x": 0.833, "y": 0.833 },
                    "o": { "x": 0.167, "y": 0.167 },
                    "t": 240,
                    "s": [200, 330],
                    "to": [0, 0],
                    "ti": [0, 0]
                  },
                  {
                    "i": { "x": 0.833, "y": 0.833 },
                    "o": { "x": 0.167, "y": 0.167 },
                    "t": 280,
                    "s": [200, 450],
                    "to": [0, 0],
                    "ti": [0, 0]
                  },
                  {
                    "i": { "x": 0.833, "y": 0.833 },
                    "o": { "x": 0.167, "y": 0.167 },
                    "t": 300,
                    "s": [200, 330],
                    "to": [0, 0],
                    "ti": [0, -20]
                  },
                  { "t": 340, "s": [200, 450] }
                ],
                "ix": 2
              },
              "a": { "a": 0, "k": [0, 0], "ix": 1 },
              "s": { "a": 0, "k": [100, 100], "ix": 3 },
              "r": { "a": 0, "k": 0, "ix": 6 },
              "o": {
                "a": 1,
                "k": [
                  {
                    "i": { "x": [0.833], "y": [0.833] },
                    "o": { "x": [0.167], "y": [0.167] },
                    "t": 0,
                    "s": [0]
                  },
                  {
                    "i": { "x": [0.833], "y": [0.833] },
                    "o": { "x": [0.167], "y": [0.167] },
                    "t": 7,
                    "s": [100]
                  },
                  {
                    "i": { "x": [0.833], "y": [0.833] },
                    "o": { "x": [0.167], "y": [0.167] },
                    "t": 33,
                    "s": [100]
                  },
                  {
                    "i": { "x": [0.833], "y": [0.833] },
                    "o": { "x": [0.167], "y": [0.167] },
                    "t": 40,
                    "s": [0]
                  },
                  {
                    "i": { "x": [0.833], "y": [0.833] },
                    "o": { "x": [0.167], "y": [0.167] },
                    "t": 60,
                    "s": [0]
                  },
                  {
                    "i": { "x": [0.833], "y": [0.833] },
                    "o": { "x": [0.167], "y": [0.167] },
                    "t": 67,
                    "s": [100]
                  },
                  {
                    "i": { "x": [0.833], "y": [0.833] },
                    "o": { "x": [0.167], "y": [0.167] },
                    "t": 93,
                    "s": [100]
                  },
                  {
                    "i": { "x": [0.833], "y": [0.833] },
                    "o": { "x": [0.167], "y": [0.167] },
                    "t": 100,
                    "s": [0]
                  },
                  {
                    "i": { "x": [0.833], "y": [0.833] },
                    "o": { "x": [0.167], "y": [0.167] },
                    "t": 120,
                    "s": [0]
                  },
                  {
                    "i": { "x": [0.833], "y": [0.833] },
                    "o": { "x": [0.167], "y": [0.167] },
                    "t": 127,
                    "s": [100]
                  },
                  {
                    "i": { "x": [0.833], "y": [0.833] },
                    "o": { "x": [0.167], "y": [0.167] },
                    "t": 153,
                    "s": [100]
                  },
                  {
                    "i": { "x": [0.833], "y": [0.833] },
                    "o": { "x": [0.167], "y": [0.167] },
                    "t": 160,
                    "s": [0]
                  },
                  {
                    "i": { "x": [0.833], "y": [0.833] },
                    "o": { "x": [0.167], "y": [0.167] },
                    "t": 180,
                    "s": [0]
                  },
                  {
                    "i": { "x": [0.833], "y": [0.833] },
                    "o": { "x": [0.167], "y": [0.167] },
                    "t": 187,
                    "s": [100]
                  },
                  {
                    "i": { "x": [0.833], "y": [0.833] },
                    "o": { "x": [0.167], "y": [0.167] },
                    "t": 213,
                    "s": [100]
                  },
                  {
                    "i": { "x": [0.833], "y": [0.833] },
                    "o": { "x": [0.167], "y": [0.167] },
                    "t": 220,
                    "s": [0]
                  },
                  {
                    "i": { "x": [0.833], "y": [0.833] },
                    "o": { "x": [0.167], "y": [0.167] },
                    "t": 240,
                    "s": [0]
                  },
                  {
                    "i": { "x": [0.833], "y": [0.833] },
                    "o": { "x": [0.167], "y": [0.167] },
                    "t": 247,
                    "s": [100]
                  },
                  {
                    "i": { "x": [0.833], "y": [0.833] },
                    "o": { "x": [0.167], "y": [0.167] },
                    "t": 273,
                    "s": [100]
                  },
                  {
                    "i": { "x": [0.833], "y": [0.833] },
                    "o": { "x": [0.167], "y": [0.167] },
                    "t": 280,
                    "s": [0]
                  },
                  {
                    "i": { "x": [0.833], "y": [0.833] },
                    "o": { "x": [0.167], "y": [0.167] },
                    "t": 300,
                    "s": [0]
                  },
                  {
                    "i": { "x": [0.833], "y": [0.833] },
                    "o": { "x": [0.167], "y": [0.167] },
                    "t": 307,
                    "s": [100]
                  },
                  {
                    "i": { "x": [0.833], "y": [0.833] },
                    "o": { "x": [0.167], "y": [0.167] },
                    "t": 333,
                    "s": [100]
                  },
                  { "t": 340, "s": [0] }
                ],
                "ix": 7
              },
              "sk": { "a": 0, "k": 0, "ix": 4 },
              "sa": { "a": 0, "k": 0, "ix": 5 },
              "nm": "Transform"
            }
          ],
          "nm": "raindrop-1",
          "np": 3,
          "cix": 2,
          "bm": 0,
          "ix": 3,
          "mn": "ADBE Vector Group",
          "hd": false
        }
      ],
      "ip": 0,
      "op": 360,
      "st": 0,
      "bm": 0
    },
    {
      "ddd": 0,
      "ind": 3,
      "ty": 4,
      "nm": "cloud",
      "sr": 1,
      "ks": {
        "o": { "a": 0, "k": 100, "ix": 11 },
        "r": { "a": 0, "k": 0, "ix": 10 },
        "p": { "a": 0, "k": [256, 256, 0], "ix": 2 },
        "a": { "a": 0, "k": [0, 0, 0], "ix": 1 },
        "s": { "a": 0, "k": [100, 100, 100], "ix": 6 }
      },
      "ao": 0,
      "shapes": [
        {
          "ind": 0,
          "ty": "sh",
          "ix": 1,
          "ks": {
            "a": 0,
            "k": {
              "i": [
                [30.928, 0],
                [0.844, -0.038],
                [0, 6.951],
                [46.392, 0],
                [14.803, -23.924],
                [10.461, 0],
                [0, -30.928],
                [-0.484, -2.963],
                [0, -29.306],
                [-33.137, 0],
                [-1.328, 0.088],
                [0, 0],
                [0, 0],
                [0, 30.928]
              ],
              "o": [
                [-0.854, 0],
                [1.592, -6.459],
                [0, -46.392],
                [-30.201, 0],
                [-8.378, -4.994],
                [-30.928, 0],
                [0, 3.1],
                [-27.779, 5.25],
                [0, 33.137],
                [1.351, 0],
                [0, 0],
                [0, 0],
                [30.928, 0],
                [0, -30.928]
              ],
              "v": [
                [116, -4],
                [113.471, -3.873],
                [116, -24],
                [32, -108],
                [-39.404, -68.085],
                [-68, -76],
                [-124, -20],
                [-123.199, -10.917],
                [-172, 48],
                [-112, 108],
                [-108, 107.798],
                [-108, 108],
                [116, 108],
                [172, 52]
              ],
              "c": true
            },
            "ix": 2
          },
          "nm": "cloud-path",
          "mn": "ADBE Vector Shape - Group",
          "hd": false
        },
        {
          "ty": "st",
          "c": { "a": 0, "k": [0.901960790157, 0.937254905701, 0.988235294819, 1], "ix": 3 },
          "o": { "a": 0, "k": 100, "ix": 4 },
          "w": { "a": 0, "k": 6, "ix": 5 },
          "lc": 1,
          "lj": 1,
          "ml": 10,
          "bm": 0,
          "nm": "cloud-stroke",
          "mn": "ADBE Vector Graphic - Stroke",
          "hd": false
        },
        {
          "ty": "gf",
          "o": { "a": 0, "k": 100, "ix": 10 },
          "r": 1,
          "bm": 0,
          "g": {
            "p": 5,
            "k": {
              "a": 0,
              "k": [
                0, 0.953, 0.969, 0.996, 0.225, 0.953, 0.969, 0.996, 0.45, 0.953, 0.969, 0.996,
                0.725, 0.912, 0.943, 0.99, 1, 0.871, 0.918, 0.984
              ],
              "ix": 9
            }
          },
          "s": { "a": 0, "k": [-76, -81], "ix": 5 },
          "e": { "a": 0, "k": [57.186, 149.685], "ix": 6 },
          "t": 1,
          "nm": "cloud-fill",
          "mn": "ADBE Vector Graphic - G-Fill",
          "hd": false
        }
      ],
      "ip": 0,
      "op": 360,
      "st": 0,
      "bm": 0
    }
  ],
  "markers": []
}
