{
  "v": "4.8.0",
  "meta": {
    "g": "LottieFiles AE 1.0.0",
    "a": "Bas Milius",
    "k": "Meteocons, Weather icons, Icon set",
    "d": "Wind - Meteocons.com",
    "tc": ""
  },
  "fr": 60,
  "ip": 0,
  "op": 360,
  "w": 512,
  "h": 512,
  "nm": "wind",
  "ddd": 0,
  "assets": [],
  "layers": [
    {
      "ddd": 0,
      "ind": 1,
      "ty": 4,
      "nm": "blow-2",
      "sr": 1,
      "ks": {
        "o": { "a": 0, "k": 100, "ix": 11 },
        "r": { "a": 0, "k": 0, "ix": 10 },
        "p": { "a": 0, "k": [198, 324, 0], "ix": 2 },
        "a": { "a": 0, "k": [0, 0, 0], "ix": 1 },
        "s": { "a": 0, "k": [100, 100, 100], "ix": 6 }
      },
      "ao": 0,
      "shapes": [
        {
          "ind": 0,
          "ty": "sh",
          "ix": 1,
          "ks": {
            "a": 0,
            "k": {
              "i": [
                [0, 0],
                [-11.333, 0],
                [0, 22.091],
                [22.091, 0],
                [0, 0],
                [0, 0]
              ],
              "o": [
                [7.278, 7.573],
                [22.091, 0],
                [0, -22.091],
                [0, 0],
                [0, 0],
                [0, 0]
              ],
              "v": [
                [35.157, 27.714],
                [64, 40],
                [104, 0],
                [64, -40],
                [44, -40],
                [-104, -40]
              ],
              "c": false
            },
            "ix": 2
          },
          "nm": "Path 1",
          "mn": "ADBE Vector Shape - Group",
          "hd": false
        },
        {
          "ty": "gs",
          "o": { "a": 0, "k": 100, "ix": 9 },
          "w": { "a": 0, "k": 24, "ix": 10 },
          "g": {
            "p": 5,
            "k": {
              "a": 0,
              "k": [
                0, 0.831, 0.843, 0.867, 0.225, 0.831, 0.843, 0.867, 0.45, 0.831, 0.843, 0.867,
                0.725, 0.788, 0.8, 0.822, 1, 0.745, 0.757, 0.776
              ],
              "ix": 8
            }
          },
          "s": { "a": 0, "k": [-37.517, -90.871], "ix": 4 },
          "e": { "a": 0, "k": [53.807, 67.306], "ix": 5 },
          "t": 1,
          "lc": 2,
          "lj": 1,
          "ml": 10,
          "ml2": { "a": 0, "k": 10, "ix": 13 },
          "bm": 0,
          "d": [
            { "n": "d", "nm": "dash", "v": { "a": 0, "k": 110, "ix": 1 } },
            {
              "n": "o",
              "nm": "offset",
              "v": {
                "a": 1,
                "k": [
                  {
                    "i": { "x": [0.833], "y": [0.833] },
                    "o": { "x": [0.167], "y": [0.167] },
                    "t": 0,
                    "s": [0]
                  },
                  { "t": 359, "s": [1540] }
                ],
                "ix": 7
              }
            }
          ],
          "nm": "Gradient Stroke 1",
          "mn": "ADBE Vector Graphic - G-Stroke",
          "hd": false
        }
      ],
      "ip": 0,
      "op": 360,
      "st": 0,
      "bm": 0
    },
    {
      "ddd": 0,
      "ind": 2,
      "ty": 4,
      "nm": "blow-1",
      "sr": 1,
      "ks": {
        "o": { "a": 0, "k": 100, "ix": 11 },
        "r": { "a": 0, "k": 0, "ix": 10 },
        "p": { "a": 0, "k": [256, 188, 0], "ix": 2 },
        "a": { "a": 0, "k": [0, 0, 0], "ix": 1 },
        "s": { "a": 0, "k": [100, 100, 100], "ix": 6 }
      },
      "ao": 0,
      "shapes": [
        {
          "ind": 0,
          "ty": "sh",
          "ix": 1,
          "ks": {
            "a": 0,
            "k": {
              "i": [
                [0, 0],
                [-11.333, 0],
                [0, -22.091],
                [22.091, 0],
                [0, 0],
                [0, 0]
              ],
              "o": [
                [7.278, -7.573],
                [22.091, 0],
                [0, 22.091],
                [0, 0],
                [0, 0],
                [0, 0]
              ],
              "v": [
                [93.157, -27.714],
                [122, -40],
                [162, 0],
                [122, 40],
                [102, 40],
                [-162, 40]
              ],
              "c": false
            },
            "ix": 2
          },
          "nm": "Path 1",
          "mn": "ADBE Vector Shape - Group",
          "hd": false
        },
        {
          "ty": "gs",
          "o": { "a": 0, "k": 100, "ix": 9 },
          "w": { "a": 0, "k": 24, "ix": 10 },
          "g": {
            "p": 5,
            "k": {
              "a": 0,
              "k": [
                0, 0.831, 0.843, 0.867, 0.225, 0.831, 0.843, 0.867, 0.45, 0.831, 0.843, 0.867,
                0.725, 0.788, 0.8, 0.822, 1, 0.745, 0.757, 0.776
              ],
              "ix": 8
            }
          },
          "s": { "a": 0, "k": [-34.517, -46.871], "ix": 4 },
          "e": { "a": 0, "k": [51.166, 101.536], "ix": 5 },
          "t": 1,
          "lc": 2,
          "lj": 1,
          "ml": 10,
          "ml2": { "a": 0, "k": 10, "ix": 13 },
          "bm": 0,
          "d": [
            { "n": "d", "nm": "dash", "v": { "a": 0, "k": 148, "ix": 1 } },
            {
              "n": "o",
              "nm": "offset",
              "v": {
                "a": 1,
                "k": [
                  {
                    "i": { "x": [0.833], "y": [0.833] },
                    "o": { "x": [0.167], "y": [0.167] },
                    "t": 0,
                    "s": [0]
                  },
                  { "t": 359, "s": [2960] }
                ],
                "ix": 7
              }
            }
          ],
          "nm": "Gradient Stroke 1",
          "mn": "ADBE Vector Graphic - G-Stroke",
          "hd": false
        }
      ],
      "ip": 0,
      "op": 360,
      "st": 0,
      "bm": 0
    }
  ],
  "markers": []
}
