{
  "project_info": {
    "project_number": "363574468129",
    "firebase_url": "https://walmart-f37ac-default-rtdb.asia-southeast1.firebasedatabase.app",
    "project_id": "walmart-f37ac",
    "storage_bucket": "walmart-f37ac.appspot.com"
  },
  "client": [
    {
      "client_info": {
        "mobilesdk_app_id": "1:363574468129:android:f68e42fdf46ebd2d480d60",
        "android_client_info": {
          "package_name": "com.android.walmartGpt"
        }
      },
      "oauth_client": [
        {
          "client_id": "363574468129-govfflga0n7439q6r4tlctu6nl9i65nd.apps.googleusercontent.com",
          "client_type": 3
        }
      ],
      "api_key": [
        {
          "current_key": "AIzaSyDvqgydmOUdDrWzJn2_xr-ueushXPlfqZY"
        }
      ],
      "services": {
        "appinvite_service": {
          "other_platform_oauth_client": [
            {
              "client_id": "363574468129-govfflga0n7439q6r4tlctu6nl9i65nd.apps.googleusercontent.com",
              "client_type": 3
            }
          ]
        }
      }
    },
    {
      "client_info": {
        "mobilesdk_app_id": "1:363574468129:android:cce820ab841f86d3480d60",
        "android_client_info": {
          "package_name": "com.wasuli.nerfnav"
        }
      },
      "oauth_client": [
        {
          "client_id": "363574468129-govfflga0n7439q6r4tlctu6nl9i65nd.apps.googleusercontent.com",
          "client_type": 3
        }
      ],
      "api_key": [
        {
          "current_key": "AIzaSyDvqgydmOUdDrWzJn2_xr-ueushXPlfqZY"
        }
      ],
      "services": {
        "appinvite_service": {
          "other_platform_oauth_client": [
            {
              "client_id": "363574468129-govfflga0n7439q6r4tlctu6nl9i65nd.apps.googleusercontent.com",
              "client_type": 3
            }
          ]
        }
      }
    }
  ],
  "configuration_version": "1"
}